benchmark,method,seed,seconds,preparation_seconds,evaluation_seconds,iterations,mean_cost,success_rate,violation_rate,blocks,core_blocks,truncated_blocks,frontier_transitions,absorption_samples,status,model_calls,partition_seconds,absorption_seconds,frontier_solve_seconds,frontier_mode,frontier_backend,exact_action_projection,exact_projection_available,exact_projection_mean_width,exact_projection_feasible_rate,exact_projection_activation_rate,exact_projection_clipping_rate,action_regime,control_route,execution_device,scale_size,grid_state_count,block_compression_ratio,scalability_family,transition_regime,noise_scale,noise_model,action_sample_count,action_perturbation_count,action_perturbation_rate,mean_abs_action_deviation,mean_intended_action,mean_executed_action,frontier_hit_entropy,transition_expectation,scenario_count,evaluation_protocol,topology_noise_projection,topology_noise_interval_probability,topology_noise_support_points,support_aware_control,planning_horizon,training_seconds,scala_process_seconds,training_episodes,evaluation_episodes,alpha,gamma,epsilon0,epsilon_decay_factor,min_exploration,reward_mode,success_bonus,potential_scale,partition_variant,training_initialization,training_model_calls,evaluation_model_calls,learned_policy_entries,defaulted_blocks,defaulted_block_ids,source_artifact,partition_source,environment_parity,evaluation_owner,recorded_model_calls,preparation_model_calls,online_model_calls,absorption_model_calls,other_preparation_model_calls,call_count_source,control_and_runtime_source
stochastic_braking_car,SDTA-MDP,0,9.26081439992413,9.11161860008724,0.1491951998323202,2,14.63595,0.9,0.1,6,4,2,32,32,ok,4377,0.20996360015124083,8.89491070015356,0.0010486999526619911,sampled,sampled-forced,False,False,,,,,finite-action,finite-core,cpu,,,,,stochastic,0.1,random-action-slip,33,5,0.15151515151515152,0.5911515151515151,-2.9563636363636365,-2.941515151515152,0.17419373285126794,Monte Carlo absorption estimates,32,isolated execution environment with common per-seed disturbance stream,exact-discrete-slip,1.0,,True,,,,,,,,,,,,,,,,,,,,,,,,,702,702,3675,702,0,complete leaf-dynamics replay,original measured main experiment
stochastic_braking_car,FineGridVI,0,0.11648839991539717,0.11412580008618534,0.0023612999357283115,5,11.62755,0.95,0.05,,,,,,ok,3136,0.0,,,,,,False,,,,,finite-action,baseline,cpu,,,,,stochastic,0.1,random-action-slip,21,4,0.19047619047619047,1.1903809523809525,-6.5476190476190474,-6.309619047619048,,discounted exact finite-action expectation,0,isolated execution environment,,,,,0,,,,,,,,,,,,,,,,,,,,,,,,3136,,,,,recorded planning or training calls,original measured main experiment
stochastic_braking_car,TileQ,0,0.042899199994280934,0.04096040013246238,0.0019376000855118036,400,17.25255,0.9,0.1,,,,,,ok,446,0.0,,,,,,False,,,,,finite-action,baseline,cpu,,,,,stochastic,0.1,random-action-slip,21,4,0.19047619047619047,1.0713333333333335,-8.214285714285714,-7.142952380952382,,sampled Q-learning transitions,0,isolated execution environment,,,,,0,,,,,,,,,,,,,,,,,,,,,,,,446,,,,,recorded planning or training calls,original measured main experiment
stochastic_braking_car,MPC,0,0.08626130013726652,0.0,0.08623940008692443,0,14.618050000000002,0.9,0.1,,,,,,ok,2535,0.0,,,,,,False,,,,,finite-action,baseline,cpu,,,,,stochastic,0.1,random-action-slip,30,5,0.16666666666666666,0.6502666666666667,-3.245666666666666,-3.228733333333333,,scenario mean,8,isolated execution environment,,,,,6,,,,,,,,,,,,,,,,,,,,,,,,2535,,,,,recorded planning or training calls,original measured main experiment
stochastic_braking_car,SDTA-MDP,1,8.161471199942753,8.065421999897808,0.09604860004037619,2,10.3477,0.95,0.05,6,4,2,28,32,ok,3255,0.18568450002931058,7.878573599969968,0.0006609000265598297,sampled,sampled-forced,False,False,,,,,finite-action,finite-core,cpu,,,,,stochastic,0.1,random-action-slip,28,1,0.03571428571428571,0.01782142857142857,-4.144821428571428,-4.162642857142857,0.16812420956753546,Monte Carlo absorption estimates,32,isolated execution environment with common per-seed disturbance stream,exact-discrete-slip,1.0,,True,,,,,,,,,,,,,,,,,,,,,,,,,707,707,2548,707,0,complete leaf-dynamics replay,original measured main experiment
stochastic_braking_car,FineGridVI,1,0.11224950011819601,0.11031199991703033,0.0019362999591976404,5,25.0,0.8,0.2,,,,,,ok,3136,0.0,,,,,,False,,,,,finite-action,baseline,cpu,,,,,stochastic,0.1,random-action-slip,20,0,0.0,0.0,-6.0,-6.0,,discounted exact finite-action expectation,0,isolated execution environment,,,,,0,,,,,,,,,,,,,,,,,,,,,,,,3136,,,,,recorded planning or training calls,original measured main experiment
stochastic_braking_car,TileQ,1,0.042956599965691566,0.0411491000559181,0.0018061997834593058,400,30.0,0.75,0.25,,,,,,ok,447,0.0,,,,,,False,,,,,finite-action,baseline,cpu,,,,,stochastic,0.1,random-action-slip,20,0,0.0,0.0,-5.751,-5.751,,sampled Q-learning transitions,0,isolated execution environment,,,,,0,,,,,,,,,,,,,,,,,,,,,,,,447,,,,,recorded planning or training calls,original measured main experiment
stochastic_braking_car,MPC,1,0.06311500002630055,0.0,0.063092399854213,0,10.315000000000001,0.95,0.05,,,,,,ok,1709,0.0,,,,,,False,,,,,finite-action,baseline,cpu,,,,,stochastic,0.1,random-action-slip,24,1,0.041666666666666664,0.01875,-4.81875,-4.8374999999999995,,scenario mean,8,isolated execution environment,,,,,6,,,,,,,,,,,,,,,,,,,,,,,,1709,,,,,recorded planning or training calls,original measured main experiment
stochastic_braking_car,SDTA-MDP,2,7.747573900036514,7.593321300111711,0.15425220015458763,2,14.095700000000003,0.9,0.1,6,4,2,31,32,ok,5503,0.1783664000686258,7.413797199958935,0.0006599000189453363,sampled,sampled-forced,False,False,,,,,finite-action,finite-core,cpu,,,,,stochastic,0.1,random-action-slip,39,3,0.07692307692307693,0.3715384615384615,-2.474461538461538,-2.3336923076923073,0.18552117185276318,Monte Carlo absorption estimates,32,isolated execution environment with common per-seed disturbance stream,exact-discrete-slip,1.0,,True,,,,,,,,,,,,,,,,,,,,,,,,,701,701,4802,701,0,complete leaf-dynamics replay,original measured main experiment
stochastic_braking_car,FineGridVI,2,0.10971069987863302,0.10686790011823177,0.0028415999840945005,5,19.0,0.85,0.15,,,,,,ok,3136,0.0,,,,,,False,,,,,finite-action,baseline,cpu,,,,,stochastic,0.1,random-action-slip,20,1,0.05,0.49749999999999994,-5.125,-4.6274999999999995,,discounted exact finite-action expectation,0,isolated execution environment,,,,,0,,,,,,,,,,,,,,,,,,,,,,,,3136,,,,,recorded planning or training calls,original measured main experiment
stochastic_braking_car,TileQ,2,0.04479370010085404,0.042380400002002716,0.0024123999755829573,400,24.25,0.8,0.2,,,,,,ok,431,0.0,,,,,,False,,,,,finite-action,baseline,cpu,,,,,stochastic,0.1,random-action-slip,20,1,0.05,0.12250000000000001,-4.500100000000001,-4.3776,,sampled Q-learning transitions,0,isolated execution environment,,,,,0,,,,,,,,,,,,,,,,,,,,,,,,431,,,,,recorded planning or training calls,original measured main experiment
stochastic_braking_car,MPC,2,0.10427160002291203,0.0,0.10425069998018444,0,13.9412,0.9,0.1,,,,,,ok,3229,0.0,,,,,,False,,,,,finite-action,baseline,cpu,,,,,stochastic,0.1,random-action-slip,33,2,0.06060606060606061,0.43787878787878787,-2.838606060606061,-2.6734545454545455,,scenario mean,8,isolated execution environment,,,,,6,,,,,,,,,,,,,,,,,,,,,,,,3229,,,,,recorded planning or training calls,original measured main experiment
stochastic_braking_car,SDTA-MDP,3,7.733623000094667,7.617507399991155,0.11611509998328984,1,24.3562,0.8,0.2,6,4,2,26,32,ok,3789,0.17775959987193346,7.4387819999828935,0.0005230000242590904,sampled,sampled-forced,False,False,,,,,finite-action,finite-core,cpu,,,,,stochastic,0.1,random-action-slip,30,6,0.2,0.8329333333333333,-3.6707666666666663,-3.137833333333333,0.1721382508547446,Monte Carlo absorption estimates,32,isolated execution environment with common per-seed disturbance stream,exact-discrete-slip,1.0,,True,,,,,,,,,,,,,,,,,,,,,,,,,702,702,3087,702,0,complete leaf-dynamics replay,original measured main experiment
stochastic_braking_car,FineGridVI,3,0.11788739985786378,0.11584230000153184,0.0020441999658942223,5,20.25,0.85,0.15,,,,,,ok,3136,0.0,,,,,,False,,,,,finite-action,baseline,cpu,,,,,stochastic,0.1,random-action-slip,20,3,0.15,1.1249500000000001,-6.75,-5.62505,,discounted exact finite-action expectation,0,isolated execution environment,,,,,0,,,,,,,,,,,,,,,,,,,,,,,,3136,,,,,recorded planning or training calls,original measured main experiment
stochastic_braking_car,TileQ,3,0.04136579995974898,0.03932409989647567,0.0020406998228281736,400,43.2525,0.6,0.4,,,,,,ok,432,0.0,,,,,,False,,,,,finite-action,baseline,cpu,,,,,stochastic,0.1,random-action-slip,21,3,0.14285714285714285,0.47614285714285715,-4.285714285714286,-4.047666666666667,,sampled Q-learning transitions,0,isolated execution environment,,,,,0,,,,,,,,,,,,,,,,,,,,,,,,432,,,,,recorded planning or training calls,original measured main experiment
stochastic_braking_car,MPC,3,0.06751620001159608,0.0,0.06749549997039139,0,19.22055,0.85,0.15,,,,,,ok,1985,0.0,,,,,,False,,,,,finite-action,baseline,cpu,,,,,stochastic,0.1,random-action-slip,25,5,0.2,0.7019200000000001,-4.3684,-3.6664800000000004,,scenario mean,8,isolated execution environment,,,,,6,,,,,,,,,,,,,,,,,,,,,,,,1985,,,,,recorded planning or training calls,original measured main experiment
stochastic_braking_car,SDTA-MDP,4,8.102899899939075,7.891052199993283,0.21184709994122386,2,25.170399999999997,0.8,0.2,6,4,2,27,32,ok,5850,0.18212789995595813,7.707156900083646,0.001100500114262104,sampled,sampled-forced,False,False,,,,,finite-action,finite-core,cpu,,,,,stochastic,0.1,random-action-slip,41,5,0.12195121951219512,0.5460975609756098,-2.8016585365853657,-2.986780487804878,0.14710053838907236,Monte Carlo absorption estimates,32,isolated execution environment with common per-seed disturbance stream,exact-discrete-slip,1.0,,True,,,,,,,,,,,,,,,,,,,,,,,,,705,705,5145,705,0,complete leaf-dynamics replay,original measured main experiment
stochastic_braking_car,FineGridVI,4,0.12296170019544661,0.12045430019497871,0.0025064998771995306,5,30.880000000000003,0.75,0.25,,,,,,ok,3136,0.0,,,,,,False,,,,,finite-action,baseline,cpu,,,,,stochastic,0.1,random-action-slip,22,4,0.18181818181818182,0.9045454545454544,-6.25,-6.4818181818181815,,discounted exact finite-action expectation,0,isolated execution environment,,,,,0,,,,,,,,,,,,,,,,,,,,,,,,3136,,,,,recorded planning or training calls,original measured main experiment
stochastic_braking_car,TileQ,4,0.050589899998158216,0.047772099962458014,0.0028168000280857086,400,26.25,0.8,0.2,,,,,,ok,427,0.0,,,,,,False,,,,,finite-action,baseline,cpu,,,,,stochastic,0.1,random-action-slip,20,4,0.2,1.4949999999999999,-8.252500000000001,-6.7574999999999985,,sampled Q-learning transitions,0,isolated execution environment,,,,,0,,,,,,,,,,,,,,,,,,,,,,,,427,,,,,recorded planning or training calls,original measured main experiment
stochastic_braking_car,MPC,4,0.08741679997183383,0.0,0.08739490015432239,0,25.2075,0.8,0.2,,,,,,ok,1999,0.0,,,,,,False,,,,,finite-action,baseline,cpu,,,,,stochastic,0.1,random-action-slip,27,4,0.14814814814814814,0.8296296296296296,-4.492592592592593,-4.588888888888889,,scenario mean,8,isolated execution environment,,,,,6,,,,,,,,,,,,,,,,,,,,,,,,1999,,,,,recorded planning or training calls,original measured main experiment
stochastic_braking_car,SDTA-MDP,5,7.915438799886033,7.821961399866268,0.0934768000151962,2,13.6751,0.9,0.1,6,4,2,30,32,ok,3289,0.20148869999684393,7.619334300048649,0.0006544000934809446,sampled,sampled-forced,False,False,,,,,finite-action,finite-core,cpu,,,,,stochastic,0.1,random-action-slip,29,2,0.06896551724137931,0.34448275862068967,-3.036620689655172,-3.0362758620689654,0.21072584688710244,Monte Carlo absorption estimates,32,isolated execution environment with common per-seed disturbance stream,exact-discrete-slip,1.0,,True,,,,,,,,,,,,,,,,,,,,,,,,,692,692,2597,692,0,complete leaf-dynamics replay,original measured main experiment
stochastic_braking_car,FineGridVI,5,0.10871089994907379,0.10568949999287724,0.003020100062713027,5,19.7525,0.85,0.15,,,,,,ok,3136,0.0,,,,,,False,,,,,finite-action,baseline,cpu,,,,,stochastic,0.1,random-action-slip,21,1,0.047619047619047616,0.23809523809523808,-5.595238095238095,-5.357142857142857,,discounted exact finite-action expectation,0,isolated execution environment,,,,,0,,,,,,,,,,,,,,,,,,,,,,,,3136,,,,,recorded planning or training calls,original measured main experiment
stochastic_braking_car,TileQ,5,0.04212659993208945,0.04032579995691776,0.0018001000862568617,400,17.0,0.9,0.1,,,,,,ok,450,0.0,,,,,,False,,,,,finite-action,baseline,cpu,,,,,stochastic,0.1,random-action-slip,20,1,0.05,0.4995,-7.0009999999999994,-7.5005,,sampled Q-learning transitions,0,isolated execution environment,,,,,0,,,,,,,,,,,,,,,,,,,,,,,,450,,,,,recorded planning or training calls,original measured main experiment
stochastic_braking_car,MPC,5,0.06109239999204874,0.0,0.06107159983366728,0,13.184999999999999,0.9,0.1,,,,,,ok,1574,0.0,,,,,,False,,,,,finite-action,baseline,cpu,,,,,stochastic,0.1,random-action-slip,24,1,0.041666666666666664,0.20833333333333334,-3.4791666666666665,-3.2708333333333335,,scenario mean,8,isolated execution environment,,,,,6,,,,,,,,,,,,,,,,,,,,,,,,1574,,,,,recorded planning or training calls,original measured main experiment
stochastic_braking_car,SDTA-MDP,6,8.845743600046262,8.736061099916697,0.10968200000934303,2,24.4026,0.8,0.2,6,4,2,33,32,ok,3298,0.18090449995361269,8.553875100100413,0.000677900156006217,sampled,sampled-forced,False,False,,,,,finite-action,finite-core,cpu,,,,,stochastic,0.1,random-action-slip,29,2,0.06896551724137931,0.3275862068965517,-4.227655172413793,-3.900068965517241,0.20071841453699318,Monte Carlo absorption estimates,32,isolated execution environment with common per-seed disturbance stream,exact-discrete-slip,1.0,,True,,,,,,,,,,,,,,,,,,,,,,,,,701,701,2597,701,0,complete leaf-dynamics replay,original measured main experiment
stochastic_braking_car,FineGridVI,6,0.10856959992088377,0.10594389983452857,0.0026247999630868435,5,25.625,0.8,0.2,,,,,,ok,3136,0.0,,,,,,False,,,,,finite-action,baseline,cpu,,,,,stochastic,0.1,random-action-slip,20,1,0.05,0.25,-7.25,-7.0,,discounted exact finite-action expectation,0,isolated execution environment,,,,,0,,,,,,,,,,,,,,,,,,,,,,,,3136,,,,,recorded planning or training calls,original measured main experiment
stochastic_braking_car,TileQ,6,0.041736199986189604,0.03976910002529621,0.001966299954801798,400,30.130000000000003,0.75,0.25,,,,,,ok,448,0.0,,,,,,False,,,,,finite-action,baseline,cpu,,,,,stochastic,0.1,random-action-slip,21,1,0.047619047619047616,0.4738095238095238,-4.421428571428571,-4.895238095238095,,sampled Q-learning transitions,0,isolated execution environment,,,,,0,,,,,,,,,,,,,,,,,,,,,,,,448,,,,,recorded planning or training calls,original measured main experiment
stochastic_braking_car,MPC,6,0.05288730002939701,0.0,0.05286659998819232,0,19.607499999999998,0.85,0.15,,,,,,ok,1458,0.0,,,,,,False,,,,,finite-action,baseline,cpu,,,,,stochastic,0.1,random-action-slip,23,1,0.043478260869565216,0.21739130434782608,-5.304347826086956,-5.086956521739131,,scenario mean,8,isolated execution environment,,,,,6,,,,,,,,,,,,,,,,,,,,,,,,1458,,,,,recorded planning or training calls,original measured main experiment
stochastic_braking_car,SDTA-MDP,7,9.39103990001604,9.229402499971911,0.1616368000395596,2,23.7663,0.8,0.2,6,4,2,28,32,ok,4464,0.17486919998191297,9.052688900148496,0.0011297001037746668,sampled,sampled-forced,False,False,,,,,finite-action,finite-core,cpu,,,,,stochastic,0.1,random-action-slip,34,4,0.11764705882352941,0.4266764705882353,-3.077,-2.7978529411764703,0.18197142882003503,Monte Carlo absorption estimates,32,isolated execution environment with common per-seed disturbance stream,exact-discrete-slip,1.0,,True,,,,,,,,,,,,,,,,,,,,,,,,,691,691,3773,691,0,complete leaf-dynamics replay,original measured main experiment
stochastic_braking_car,FineGridVI,7,0.12338360003195703,0.12056519999168813,0.002817300148308277,5,24.63005,0.8,0.2,,,,,,ok,3136,0.0,,,,,,False,,,,,finite-action,baseline,cpu,,,,,stochastic,0.1,random-action-slip,22,3,0.13636363636363635,0.659,-5.795454545454546,-5.136454545454546,,discounted exact finite-action expectation,0,isolated execution environment,,,,,0,,,,,,,,,,,,,,,,,,,,,,,,3136,,,,,recorded planning or training calls,original measured main experiment
stochastic_braking_car,TileQ,7,0.043818100122734904,0.04144090018235147,0.0023762998171150684,400,29.882550000000002,0.75,0.25,,,,,,ok,443,0.0,,,,,,False,,,,,finite-action,baseline,cpu,,,,,stochastic,0.1,random-action-slip,23,3,0.13043478260869565,0.7390434782608696,-5.978260869565218,-5.239217391304348,,sampled Q-learning transitions,0,isolated execution environment,,,,,0,,,,,,,,,,,,,,,,,,,,,,,,443,,,,,recorded planning or training calls,original measured main experiment
stochastic_braking_car,MPC,7,0.07438529981300235,0.0,0.07436429988592863,0,23.945050000000002,0.8,0.2,,,,,,ok,2024,0.0,,,,,,False,,,,,finite-action,baseline,cpu,,,,,stochastic,0.1,random-action-slip,27,3,0.1111111111111111,0.4628888888888889,-4.131481481481481,-3.668592592592592,,scenario mean,8,isolated execution environment,,,,,6,,,,,,,,,,,,,,,,,,,,,,,,2024,,,,,recorded planning or training calls,original measured main experiment
stochastic_braking_car,SDTA-MDP,8,8.075728899799287,7.954489899799228,0.12123869988135993,2,23.0053,0.8,0.2,6,4,2,27,32,ok,4219,0.189922200050205,7.763431899948046,0.0006312001496553421,sampled,sampled-forced,False,False,,,,,finite-action,finite-core,cpu,,,,,stochastic,0.1,random-action-slip,31,3,0.0967741935483871,0.29029032258064513,-2.5663548387096777,-2.5985806451612907,0.18970457333453986,Monte Carlo absorption estimates,32,isolated execution environment with common per-seed disturbance stream,exact-discrete-slip,1.0,,True,,,,,,,,,,,,,,,,,,,,,,,,,691,691,3528,691,0,complete leaf-dynamics replay,original measured main experiment
stochastic_braking_car,FineGridVI,8,0.11519999988377094,0.11320429993793368,0.0019948999397456646,5,23.0,0.8,0.2,,,,,,ok,3136,0.0,,,,,,False,,,,,finite-action,baseline,cpu,,,,,stochastic,0.1,random-action-slip,20,1,0.05,0.1,-4.25,-4.15,,discounted exact finite-action expectation,0,isolated execution environment,,,,,0,,,,,,,,,,,,,,,,,,,,,,,,3136,,,,,recorded planning or training calls,original measured main experiment
stochastic_braking_car,TileQ,8,0.04073070012964308,0.03894560015760362,0.0017842999659478664,400,21.25,0.85,0.15,,,,,,ok,438,0.0,,,,,,False,,,,,finite-action,baseline,cpu,,,,,stochastic,0.1,random-action-slip,20,1,0.05,0.475,-6.8,-6.325,,sampled Q-learning transitions,0,isolated execution environment,,,,,0,,,,,,,,,,,,,,,,,,,,,,,,438,,,,,recorded planning or training calls,original measured main experiment
stochastic_braking_car,MPC,8,0.06142060016281903,0.0,0.06140040000900626,0,17.8575,0.85,0.15,,,,,,ok,1702,0.0,,,,,,False,,,,,finite-action,baseline,cpu,,,,,stochastic,0.1,random-action-slip,23,1,0.043478260869565216,0.08695652173913043,-3.4565217391304346,-3.369565217391304,,scenario mean,8,isolated execution environment,,,,,6,,,,,,,,,,,,,,,,,,,,,,,,1702,,,,,recorded planning or training calls,original measured main experiment
stochastic_braking_car,SDTA-MDP,9,7.84221119992435,7.641451800009236,0.2007590001448989,2,33.4321,0.7,0.3,6,4,2,29,32,ok,6773,0.17616400006227195,7.464109999826178,0.0006651000585407019,sampled,sampled-forced,False,False,,,,,finite-action,finite-core,cpu,,,,,stochastic,0.1,random-action-slip,49,8,0.16326530612244897,0.9178979591836735,-2.0853877551020403,-1.78169387755102,0.17992865782980808,Monte Carlo absorption estimates,32,isolated execution environment with common per-seed disturbance stream,exact-discrete-slip,1.0,,True,,,,,,,,,,,,,,,,,,,,,,,,,697,697,6076,697,0,complete leaf-dynamics replay,original measured main experiment
stochastic_braking_car,FineGridVI,9,0.11670149979181588,0.11410170001909137,0.0025989001151174307,5,34.2525,0.7,0.3,,,,,,ok,3136,0.0,,,,,,False,,,,,finite-action,baseline,cpu,,,,,stochastic,0.1,random-action-slip,21,6,0.2857142857142857,2.137571428571429,-6.666666666666667,-5.005285714285714,,discounted exact finite-action expectation,0,isolated execution environment,,,,,0,,,,,,,,,,,,,,,,,,,,,,,,3136,,,,,recorded planning or training calls,original measured main experiment
stochastic_braking_car,TileQ,9,0.04236480011604726,0.04032040014863014,0.0020435999613255262,400,34.875,0.7,0.3,,,,,,ok,460,0.0,,,,,,False,,,,,finite-action,baseline,cpu,,,,,stochastic,0.1,random-action-slip,20,6,0.3,2.49445,-7.875,-5.8805499999999995,,sampled Q-learning transitions,0,isolated execution environment,,,,,0,,,,,,,,,,,,,,,,,,,,,,,,460,,,,,recorded planning or training calls,original measured main experiment
stochastic_braking_car,MPC,9,0.07832930004224181,0.0,0.07830739999189973,0,33.27655,0.7,0.3,,,,,,ok,2299,0.0,,,,,,False,,,,,finite-action,baseline,cpu,,,,,stochastic,0.1,random-action-slip,28,7,0.25,1.6028214285714284,-3.5793214285714283,-3.044357142857143,,scenario mean,8,isolated execution environment,,,,,6,,,,,,,,,,,,,,,,,,,,,,,,2299,,,,,recorded planning or training calls,original measured main experiment
stochastic_point_mass,SDTA-MDP,0,24.05855860002339,6.602397499838844,17.45616069994867,2,14.731293997284633,1.0,0.05,5,5,0,35,32,ok,345360,0.0926677999086678,6.5085167998913676,0.0006172999273985624,sampled,sampled-forced,False,False,,,,,finite-action,finite-core,cpu,,,,,stochastic,0.1,random-action-slip,435,40,0.09195402298850575,0.15172413793103448,2.0068965517241377,2.0068965517241377,0.6510279074936138,Monte Carlo absorption estimates,32,isolated execution environment with common per-seed disturbance stream,exact-discrete-slip,1.0,,True,,,,,,,,,,,,,,,,,,,,,,,,,15385,15385,329975,15385,0,complete leaf-dynamics replay,original measured main experiment
stochastic_point_mass,FineGridVI,0,0.17066359985619783,0.10727179981768131,0.06339060002937913,31,14.480105467819111,1.0,0.0,,,,,,ok,1600,0.0,,,,,,False,,,,,finite-action,baseline,cpu,,,,,stochastic,0.1,random-action-slip,675,75,0.1111111111111111,0.20296296296296296,1.471111111111111,1.5644444444444445,,discounted exact finite-action expectation,0,isolated execution environment,,,,,0,,,,,,,,,,,,,,,,,,,,,,,,1600,,,,,recorded planning or training calls,original measured main experiment
stochastic_point_mass,TileQ,0,1.8113841000013053,1.7110997999552637,0.10028350003995001,400,22.697677566768455,0.75,0.0,,,,,,ok,19529,0.0,,,,,,False,,,,,finite-action,baseline,cpu,,,,,stochastic,0.1,random-action-slip,1379,157,0.11385061638868746,0.1994198694706309,2.6598984771573604,2.5576504713560553,,sampled Q-learning transitions,0,isolated execution environment,,,,,0,,,,,,,,,,,,,,,,,,,,,,,,19529,,,,,recorded planning or training calls,original measured main experiment
stochastic_point_mass,MPC,0,5.5472172000445426,0.0,5.547196200117469,0,13.095629012687079,1.0,0.0,,,,,,ok,103523,0.0,,,,,,False,,,,,finite-action,baseline,cpu,,,,,stochastic,0.1,random-action-slip,438,40,0.091324200913242,0.1598173515981735,2.047945205479452,2.002283105022831,,scenario mean,8,isolated execution environment,,,,,6,,,,,,,,,,,,,,,,,,,,,,,,103523,,,,,recorded planning or training calls,original measured main experiment
stochastic_point_mass,SDTA-MDP,1,23.967701700050384,5.784944100072607,18.18275719997473,3,12.804964837277259,1.0,0.05,5,5,0,34,32,ok,339060,0.08474840014241636,5.6989098999183625,0.0007340000011026859,sampled,sampled-forced,False,False,,,,,finite-action,finite-core,cpu,,,,,stochastic,0.1,random-action-slip,428,38,0.08878504672897196,0.1542056074766355,2.0116822429906542,2.0210280373831777,0.6338846639371398,Monte Carlo absorption estimates,32,isolated execution environment with common per-seed disturbance stream,exact-discrete-slip,1.0,,True,,,,,,,,,,,,,,,,,,,,,,,,,15385,15385,323675,15385,0,complete leaf-dynamics replay,original measured main experiment
stochastic_point_mass,FineGridVI,1,0.18124040006659925,0.11380430008284748,0.06743499985896051,31,14.088528289351306,0.95,0.0,,,,,,ok,1600,0.0,,,,,,False,,,,,finite-action,baseline,cpu,,,,,stochastic,0.1,random-action-slip,744,64,0.08602150537634409,0.15994623655913978,1.3548387096774193,1.4153225806451613,,discounted exact finite-action expectation,0,isolated execution environment,,,,,0,,,,,,,,,,,,,,,,,,,,,,,,1600,,,,,recorded planning or training calls,original measured main experiment
stochastic_point_mass,TileQ,1,2.034696700051427,1.8900588999968022,0.14463680004701018,400,23.429020496655887,0.7,0.0,,,,,,ok,20240,0.0,,,,,,False,,,,,finite-action,baseline,cpu,,,,,stochastic,0.1,random-action-slip,1641,159,0.09689213893967093,0.1748933577087142,2.7361365021328456,2.64411943936624,,sampled Q-learning transitions,0,isolated execution environment,,,,,0,,,,,,,,,,,,,,,,,,,,,,,,20240,,,,,recorded planning or training calls,original measured main experiment
stochastic_point_mass,MPC,1,6.2743619999382645,0.0,6.274341000011191,0,14.595323282524149,1.0,0.1,,,,,,ok,102799,0.0,,,,,,False,,,,,finite-action,baseline,cpu,,,,,stochastic,0.1,random-action-slip,435,37,0.08505747126436781,0.1425287356321839,1.9655172413793103,2.0160919540229885,,scenario mean,8,isolated execution environment,,,,,6,,,,,,,,,,,,,,,,,,,,,,,,102799,,,,,recorded planning or training calls,original measured main experiment
stochastic_point_mass,SDTA-MDP,2,22.02111089997925,6.066504799993709,15.954605600098148,3,13.216759600776859,1.0,0.05,5,5,0,35,32,ok,338382,0.08367340010590851,5.981542499968782,0.0007150000892579556,sampled,sampled-forced,False,False,,,,,finite-action,finite-core,cpu,,,,,stochastic,0.1,random-action-slip,426,27,0.06338028169014084,0.11502347417840375,2.023474178403756,1.9976525821596245,0.6493176887980346,Monte Carlo absorption estimates,32,isolated execution environment with common per-seed disturbance stream,exact-discrete-slip,1.0,,True,,,,,,,,,,,,,,,,,,,,,,,,,16057,16057,322325,16057,0,complete leaf-dynamics replay,original measured main experiment
stochastic_point_mass,FineGridVI,2,0.15017820009961724,0.09635520004667342,0.05382209992967546,31,15.25813559734776,0.95,0.05,,,,,,ok,1600,0.0,,,,,,False,,,,,finite-action,baseline,cpu,,,,,stochastic,0.1,random-action-slip,787,61,0.07750952986022872,0.1473951715374841,1.241423125794155,1.3252858958068614,,discounted exact finite-action expectation,0,isolated execution environment,,,,,0,,,,,,,,,,,,,,,,,,,,,,,,1600,,,,,recorded planning or training calls,original measured main experiment
stochastic_point_mass,TileQ,2,2.3753527000080794,2.20115950005129,0.1741923000663519,400,23.212224965979548,0.4,0.0,,,,,,ok,19820,0.0,,,,,,False,,,,,finite-action,baseline,cpu,,,,,stochastic,0.1,random-action-slip,1773,159,0.08967851099830795,0.15341229554427524,2.7563451776649748,2.6841511562323745,,sampled Q-learning transitions,0,isolated execution environment,,,,,0,,,,,,,,,,,,,,,,,,,,,,,,19820,,,,,recorded planning or training calls,original measured main experiment
stochastic_point_mass,MPC,2,6.212510599987581,0.0,6.2124895001761615,0,13.288794258938779,1.0,0.05,,,,,,ok,98865,0.0,,,,,,False,,,,,finite-action,baseline,cpu,,,,,stochastic,0.1,random-action-slip,418,27,0.0645933014354067,0.11722488038277512,2.0095693779904304,2.007177033492823,,scenario mean,8,isolated execution environment,,,,,6,,,,,,,,,,,,,,,,,,,,,,,,98865,,,,,recorded planning or training calls,original measured main experiment
stochastic_point_mass,SDTA-MDP,3,23.019961999962106,6.573866799939424,16.446094800019637,2,13.131427204919078,1.0,0.05,5,5,0,33,32,ok,336032,0.108122400008142,6.464540299959481,0.000605700071901083,sampled,sampled-forced,False,False,,,,,finite-action,finite-core,cpu,,,,,stochastic,0.1,random-action-slip,423,36,0.0851063829787234,0.16784869976359337,1.9976359338061467,2.0425531914893615,0.6276627095678959,Monte Carlo absorption estimates,32,isolated execution environment with common per-seed disturbance stream,exact-discrete-slip,1.0,,True,,,,,,,,,,,,,,,,,,,,,,,,,15357,15357,320675,15357,0,complete leaf-dynamics replay,original measured main experiment
stochastic_point_mass,FineGridVI,3,0.15905930008739233,0.09878179989755154,0.06027660006657243,31,16.046837697357237,1.0,0.05,,,,,,ok,1600,0.0,,,,,,False,,,,,finite-action,baseline,cpu,,,,,stochastic,0.1,random-action-slip,789,75,0.09505703422053231,0.1964512040557668,1.3181242078580482,1.4157160963244613,,discounted exact finite-action expectation,0,isolated execution environment,,,,,0,,,,,,,,,,,,,,,,,,,,,,,,1600,,,,,recorded planning or training calls,original measured main experiment
stochastic_point_mass,TileQ,3,1.8742692000232637,1.7460074999835342,0.12826090003363788,400,21.436147997750407,0.55,0.0,,,,,,ok,19661,0.0,,,,,,False,,,,,finite-action,baseline,cpu,,,,,stochastic,0.1,random-action-slip,1505,139,0.09235880398671097,0.16146179401993355,1.2857142857142858,1.387375415282392,,sampled Q-learning transitions,0,isolated execution environment,,,,,0,,,,,,,,,,,,,,,,,,,,,,,,19661,,,,,recorded planning or training calls,original measured main experiment
stochastic_point_mass,MPC,3,5.456928799860179,0.0,5.456894200062379,0,12.910821212512781,1.0,0.0,,,,,,ok,102210,0.0,,,,,,False,,,,,finite-action,baseline,cpu,,,,,stochastic,0.1,random-action-slip,432,37,0.08564814814814815,0.1388888888888889,2.0416666666666665,2.0462962962962963,,scenario mean,8,isolated execution environment,,,,,6,,,,,,,,,,,,,,,,,,,,,,,,102210,,,,,recorded planning or training calls,original measured main experiment
stochastic_point_mass,SDTA-MDP,4,25.045811399817467,7.082710799993947,17.963100200053304,3,15.55837905277257,1.0,0.1,5,5,0,37,32,ok,347624,0.08216769993305206,6.999244899954647,0.0007091001607477665,sampled,sampled-forced,False,False,,,,,finite-action,finite-core,cpu,,,,,stochastic,0.1,random-action-slip,438,54,0.1232876712328767,0.20319634703196346,2.029680365296804,2.0273972602739727,0.6554057549493367,Monte Carlo absorption estimates,32,isolated execution environment with common per-seed disturbance stream,exact-discrete-slip,1.0,,True,,,,,,,,,,,,,,,,,,,,,,,,,15774,15774,331850,15774,0,complete leaf-dynamics replay,original measured main experiment
stochastic_point_mass,FineGridVI,4,0.15183049999177456,0.10552219999954104,0.04630749998614192,31,15.360231792831916,1.0,0.05,,,,,,ok,1600,0.0,,,,,,False,,,,,finite-action,baseline,cpu,,,,,stochastic,0.1,random-action-slip,684,86,0.12573099415204678,0.25146198830409355,1.4181286549707601,1.5467836257309941,,discounted exact finite-action expectation,0,isolated execution environment,,,,,0,,,,,,,,,,,,,,,,,,,,,,,,1600,,,,,recorded planning or training calls,original measured main experiment
stochastic_point_mass,TileQ,4,1.8029541000723839,1.713075399864465,0.08987790020182729,400,21.14952137615687,0.75,0.0,,,,,,ok,19872,0.0,,,,,,False,,,,,finite-action,baseline,cpu,,,,,stochastic,0.1,random-action-slip,1328,140,0.10542168674698796,0.19653614457831325,1.3177710843373494,1.4134036144578312,,sampled Q-learning transitions,0,isolated execution environment,,,,,0,,,,,,,,,,,,,,,,,,,,,,,,19872,,,,,recorded planning or training calls,original measured main experiment
stochastic_point_mass,MPC,4,5.52020479994826,0.0,5.5201838000211865,0,14.66782993960608,1.0,0.05,,,,,,ok,107301,0.0,,,,,,False,,,,,finite-action,baseline,cpu,,,,,stochastic,0.1,random-action-slip,454,57,0.12555066079295155,0.22466960352422907,2.002202643171806,2.0198237885462555,,scenario mean,8,isolated execution environment,,,,,6,,,,,,,,,,,,,,,,,,,,,,,,107301,,,,,recorded planning or training calls,original measured main experiment
stochastic_point_mass,SDTA-MDP,5,24.16050669993274,6.074183800024912,18.086322500137612,3,15.171036696847347,1.0,0.15,5,5,0,34,32,ok,343219,0.09541999991051853,5.977486900053918,0.0007160000968724489,sampled,sampled-forced,False,False,,,,,finite-action,finite-core,cpu,,,,,stochastic,0.1,random-action-slip,431,41,0.0951276102088167,0.18097447795823665,1.9930394431554523,1.9559164733178653,0.6077163251129473,Monte Carlo absorption estimates,32,isolated execution environment with common per-seed disturbance stream,exact-discrete-slip,1.0,,True,,,,,,,,,,,,,,,,,,,,,,,,,16119,16119,327100,16119,0,complete leaf-dynamics replay,original measured main experiment
stochastic_point_mass,FineGridVI,5,0.16794269997626543,0.12041399977169931,0.04752720007672906,31,16.7680867320703,1.0,0.1,,,,,,ok,1600,0.0,,,,,,False,,,,,finite-action,baseline,cpu,,,,,stochastic,0.1,random-action-slip,657,70,0.106544901065449,0.2115677321156773,1.4353120243531203,1.5098934550989345,,discounted exact finite-action expectation,0,isolated execution environment,,,,,0,,,,,,,,,,,,,,,,,,,,,,,,1600,,,,,recorded planning or training calls,original measured main experiment
stochastic_point_mass,TileQ,5,1.9202632999513298,1.8139472000766546,0.10631539998576045,400,18.49942070828575,0.8,0.0,,,,,,ok,19538,0.0,,,,,,False,,,,,finite-action,baseline,cpu,,,,,stochastic,0.1,random-action-slip,1166,109,0.09348198970840481,0.16981132075471697,1.3336192109777016,1.4125214408233275,,sampled Q-learning transitions,0,isolated execution environment,,,,,0,,,,,,,,,,,,,,,,,,,,,,,,19538,,,,,recorded planning or training calls,original measured main experiment
stochastic_point_mass,MPC,5,5.927281399955973,0.0,5.927253300091252,0,13.765921451456112,1.0,0.05,,,,,,ok,104087,0.0,,,,,,False,,,,,finite-action,baseline,cpu,,,,,stochastic,0.1,random-action-slip,440,41,0.09318181818181819,0.19090909090909092,2.0022727272727274,1.9613636363636364,,scenario mean,8,isolated execution environment,,,,,6,,,,,,,,,,,,,,,,,,,,,,,,104087,,,,,recorded planning or training calls,original measured main experiment
stochastic_point_mass,SDTA-MDP,6,21.436223099939525,5.795250999974087,15.640971600078046,3,12.702676480622653,1.0,0.05,5,5,0,36,32,ok,329446,0.08546989993192255,5.708369500003755,0.0007348998915404081,sampled,sampled-forced,False,False,,,,,finite-action,finite-core,cpu,,,,,stochastic,0.1,random-action-slip,415,32,0.07710843373493977,0.12530120481927712,2.0,2.0433734939759036,0.6408610796524933,Monte Carlo absorption estimates,32,isolated execution environment with common per-seed disturbance stream,exact-discrete-slip,1.0,,True,,,,,,,,,,,,,,,,,,,,,,,,,15571,15571,313875,15571,0,complete leaf-dynamics replay,original measured main experiment
stochastic_point_mass,FineGridVI,6,0.14107070001773536,0.09775750013068318,0.04331220011226833,31,13.018994820721838,1.0,0.0,,,,,,ok,1600,0.0,,,,,,False,,,,,finite-action,baseline,cpu,,,,,stochastic,0.1,random-action-slip,638,53,0.08307210031347963,0.1786833855799373,1.3871473354231976,1.4780564263322884,,discounted exact finite-action expectation,0,isolated execution environment,,,,,0,,,,,,,,,,,,,,,,,,,,,,,,1600,,,,,recorded planning or training calls,original measured main experiment
stochastic_point_mass,TileQ,6,1.8974943000357598,1.7846689999569207,0.1128241999540478,400,22.18262787474114,0.55,0.0,,,,,,ok,20944,0.0,,,,,,False,,,,,finite-action,baseline,cpu,,,,,stochastic,0.1,random-action-slip,1690,151,0.0893491124260355,0.15207100591715977,1.2372781065088758,1.3289940828402367,,sampled Q-learning transitions,0,isolated execution environment,,,,,0,,,,,,,,,,,,,,,,,,,,,,,,20944,,,,,recorded planning or training calls,original measured main experiment
stochastic_point_mass,MPC,6,6.295196900144219,0.0,6.29517519986257,0,13.699549516312677,1.0,0.05,,,,,,ok,102134,0.0,,,,,,False,,,,,finite-action,baseline,cpu,,,,,stochastic,0.1,random-action-slip,432,35,0.08101851851851852,0.1527777777777778,2.011574074074074,2.0671296296296298,,scenario mean,8,isolated execution environment,,,,,6,,,,,,,,,,,,,,,,,,,,,,,,102134,,,,,recorded planning or training calls,original measured main experiment
stochastic_point_mass,SDTA-MDP,7,24.533584299962968,7.296473399968818,17.237110499991104,3,14.760485107559584,1.0,0.1,5,5,0,36,32,ok,345879,0.11175490007735789,7.183341699885204,0.0007083998061716557,sampled,sampled-forced,False,False,,,,,finite-action,finite-core,cpu,,,,,stochastic,0.1,random-action-slip,435,48,0.1103448275862069,0.22298850574712645,2.025287356321839,1.9954022988505746,0.6151995148433336,Monte Carlo absorption estimates,32,isolated execution environment with common per-seed disturbance stream,exact-discrete-slip,1.0,,True,,,,,,,,,,,,,,,,,,,,,,,,,15504,15504,330375,15504,0,complete leaf-dynamics replay,original measured main experiment
stochastic_point_mass,FineGridVI,7,0.16269739996641874,0.10241569997742772,0.06028039986267686,31,17.458160194696347,0.9,0.05,,,,,,ok,1600,0.0,,,,,,False,,,,,finite-action,baseline,cpu,,,,,stochastic,0.1,random-action-slip,896,84,0.09375,0.1875,1.2064732142857142,1.3002232142857142,,discounted exact finite-action expectation,0,isolated execution environment,,,,,0,,,,,,,,,,,,,,,,,,,,,,,,1600,,,,,recorded planning or training calls,original measured main experiment
stochastic_point_mass,TileQ,7,1.9181853998452425,1.7853292999789119,0.1328553999774158,400,29.504361954376556,0.4,0.0,,,,,,ok,20846,0.0,,,,,,False,,,,,finite-action,baseline,cpu,,,,,stochastic,0.1,random-action-slip,1948,195,0.10010266940451745,0.21098562628336756,0.8270020533880903,0.9722792607802875,,sampled Q-learning transitions,0,isolated execution environment,,,,,0,,,,,,,,,,,,,,,,,,,,,,,,20846,,,,,recorded planning or training calls,original measured main experiment
stochastic_point_mass,MPC,7,5.572193800006062,0.0,5.572172899963334,0,13.815602261360542,1.0,0.0,,,,,,ok,108498,0.0,,,,,,False,,,,,finite-action,baseline,cpu,,,,,stochastic,0.1,random-action-slip,458,51,0.11135371179039301,0.18777292576419213,2.010917030567686,2.019650655021834,,scenario mean,8,isolated execution environment,,,,,6,,,,,,,,,,,,,,,,,,,,,,,,108498,,,,,recorded planning or training calls,original measured main experiment
stochastic_point_mass,SDTA-MDP,8,24.50876920018345,5.971284799976274,18.537484100088477,2,17.41932573323239,1.0,0.15,5,5,0,34,32,ok,345132,0.09593159984797239,5.8740461000707,0.0006349999457597733,sampled,sampled-forced,False,False,,,,,finite-action,finite-core,cpu,,,,,stochastic,0.1,random-action-slip,435,37,0.08505747126436781,0.1471264367816092,2.004597701149425,2.0229885057471266,0.614717330409421,Monte Carlo absorption estimates,32,isolated execution environment with common per-seed disturbance stream,exact-discrete-slip,1.0,,True,,,,,,,,,,,,,,,,,,,,,,,,,15907,15907,329225,15907,0,complete leaf-dynamics replay,original measured main experiment
stochastic_point_mass,FineGridVI,8,0.18149920017458498,0.12018710002303123,0.06131109991110861,31,15.033594308133791,0.95,0.0,,,,,,ok,1600,0.0,,,,,,False,,,,,finite-action,baseline,cpu,,,,,stochastic,0.1,random-action-slip,829,70,0.08443908323281062,0.17490952955367914,1.2376357056694813,1.3594692400482509,,discounted exact finite-action expectation,0,isolated execution environment,,,,,0,,,,,,,,,,,,,,,,,,,,,,,,1600,,,,,recorded planning or training calls,original measured main experiment
stochastic_point_mass,TileQ,8,2.1108204999472946,1.9894471999723464,0.12137269997037947,400,24.334767487237457,0.55,0.0,,,,,,ok,20760,0.0,,,,,,False,,,,,finite-action,baseline,cpu,,,,,stochastic,0.1,random-action-slip,1778,177,0.09955005624296963,0.17885264341957255,1.2395950506186726,1.3689538807649044,,sampled Q-learning transitions,0,isolated execution environment,,,,,0,,,,,,,,,,,,,,,,,,,,,,,,20760,,,,,recorded planning or training calls,original measured main experiment
stochastic_point_mass,MPC,8,5.524150499841198,0.0,5.52412989991717,0,14.474405307885982,1.0,0.05,,,,,,ok,106589,0.0,,,,,,False,,,,,finite-action,baseline,cpu,,,,,stochastic,0.1,random-action-slip,450,38,0.08444444444444445,0.16,2.051111111111111,2.077777777777778,,scenario mean,8,isolated execution environment,,,,,6,,,,,,,,,,,,,,,,,,,,,,,,106589,,,,,recorded planning or training calls,original measured main experiment
stochastic_point_mass,SDTA-MDP,9,23.366299400106072,5.61346450005658,17.75283439992927,2,17.80034818889318,1.0,0.25,5,5,0,34,32,ok,362792,0.08545349980704486,5.526834600139409,0.0006248001009225845,sampled,sampled-forced,False,False,,,,,finite-action,finite-core,cpu,,,,,stochastic,0.1,random-action-slip,458,59,0.12882096069868995,0.22270742358078602,1.960698689956332,1.9344978165938864,0.651949330019157,Monte Carlo absorption estimates,32,isolated execution environment with common per-seed disturbance stream,exact-discrete-slip,1.0,,True,,,,,,,,,,,,,,,,,,,,,,,,,15092,15092,347700,15092,0,complete leaf-dynamics replay,original measured main experiment
stochastic_point_mass,FineGridVI,9,0.1725470998790115,0.1103263997938484,0.06221959996037185,31,15.468746596422886,0.95,0.0,,,,,,ok,1600,0.0,,,,,,False,,,,,finite-action,baseline,cpu,,,,,stochastic,0.1,random-action-slip,806,97,0.12034739454094293,0.24689826302729528,1.3225806451612903,1.4106699751861043,,discounted exact finite-action expectation,0,isolated execution environment,,,,,0,,,,,,,,,,,,,,,,,,,,,,,,1600,,,,,recorded planning or training calls,original measured main experiment
stochastic_point_mass,TileQ,9,2.09483930002898,1.955648200120777,0.13919020001776516,400,26.55067136249346,0.35,0.0,,,,,,ok,21219,0.0,,,,,,False,,,,,finite-action,baseline,cpu,,,,,stochastic,0.1,random-action-slip,1965,196,0.09974554707379135,0.178117048346056,2.7572519083969467,2.652417302798982,,sampled Q-learning transitions,0,isolated execution environment,,,,,0,,,,,,,,,,,,,,,,,,,,,,,,21219,,,,,recorded planning or training calls,original measured main experiment
stochastic_point_mass,MPC,9,6.42524140002206,0.0,6.4252044998575,0,15.043027491620332,1.0,0.05,,,,,,ok,111716,0.0,,,,,,False,,,,,finite-action,baseline,cpu,,,,,stochastic,0.1,random-action-slip,472,57,0.12076271186440678,0.211864406779661,2.0190677966101696,2.0021186440677967,,scenario mean,8,isolated execution environment,,,,,6,,,,,,,,,,,,,,,,,,,,,,,,111716,,,,,recorded planning or training calls,original measured main experiment
stochastic_double_integrator_parking,SDTA-MDP,0,5.32387449988164,3.4583099998999387,1.8655641998630017,2,4.984540214431691,1.0,0.0,6,6,0,27,32,ok,56767,0.1353329000994563,3.3219200999010354,0.0005854999180883169,sampled,sampled-forced,False,False,,,,,finite-action,finite-core,cpu,,,,,stochastic,0.1,random-action-slip,401,49,0.12219451371571072,0.1596009975062344,0.0399002493765586,-0.00997506234413965,0.4944574449677865,Monte Carlo absorption estimates,32,isolated execution environment with common per-seed disturbance stream,exact-discrete-slip,1.0,,True,,,,,,,,,,,,,,,,,,,,,,,,,11410,11410,45357,11410,0,complete leaf-dynamics replay,original measured main experiment
stochastic_double_integrator_parking,FineGridVI,0,0.1689144999254495,0.04907179996371269,0.11984170018695295,762,31.198488262553376,0.35,0.0,,,,,,ok,576,0.0,,,,,,False,,,,,finite-action,baseline,cpu,,,,,stochastic,0.1,random-action-slip,2037,233,0.11438389788905252,0.11929307805596466,-0.0004909180166912126,-0.0009818360333824251,,discounted exact finite-action expectation,0,isolated execution environment,,,,,0,,,,,,,,,,,,,,,,,,,,,,,,576,,,,,recorded planning or training calls,original measured main experiment
stochastic_double_integrator_parking,TileQ,0,2.2728724000044167,2.2303488000761718,0.042522700037807226,400,10.387485903101254,1.0,0.0,,,,,,ok,30378,0.0,,,,,,False,,,,,finite-action,baseline,cpu,,,,,stochastic,0.1,random-action-slip,799,93,0.11639549436795996,0.13266583229036297,-0.012515644555694618,-0.0050062578222778474,,sampled Q-learning transitions,0,isolated execution environment,,,,,0,,,,,,,,,,,,,,,,,,,,,,,,30378,,,,,recorded planning or training calls,original measured main experiment
stochastic_double_integrator_parking,MPC,0,2.4662482000421733,0.0,2.466226999880746,0,6.058821151587859,0.95,0.0,,,,,,ok,67363,0.0,,,,,,False,,,,,finite-action,baseline,cpu,,,,,stochastic,0.1,random-action-slip,478,52,0.1087866108786611,0.11506276150627615,0.0041841004184100415,-0.006276150627615063,,scenario mean,8,isolated execution environment,,,,,6,,,,,,,,,,,,,,,,,,,,,,,,67363,,,,,recorded planning or training calls,original measured main experiment
stochastic_double_integrator_parking,SDTA-MDP,1,4.727753900224343,3.345961700193584,1.3817918000277132,2,3.4430015022917964,0.95,0.0,6,6,0,25,32,ok,47414,0.12057620007544756,3.2243208000436425,0.0005724998190999031,sampled,sampled-forced,False,False,,,,,finite-action,finite-core,cpu,,,,,stochastic,0.1,random-action-slip,321,21,0.06542056074766354,0.08411214953271028,0.028037383177570093,0.0,0.4157465116417331,Monte Carlo absorption estimates,32,isolated execution environment with common per-seed disturbance stream,exact-discrete-slip,1.0,,True,,,,,,,,,,,,,,,,,,,,,,,,,11444,11444,35970,11444,0,complete leaf-dynamics replay,original measured main experiment
stochastic_double_integrator_parking,FineGridVI,1,0.16248539998196065,0.051920900121331215,0.11056350008584559,762,34.95112508186546,0.2,0.0,,,,,,ok,576,0.0,,,,,,False,,,,,finite-action,baseline,cpu,,,,,stochastic,0.1,random-action-slip,2089,188,0.08999521302058401,0.09286740067017712,0.0009573958831977022,-0.0019147917663954045,,discounted exact finite-action expectation,0,isolated execution environment,,,,,0,,,,,,,,,,,,,,,,,,,,,,,,576,,,,,recorded planning or training calls,original measured main experiment
stochastic_double_integrator_parking,TileQ,1,2.2885176001582295,2.197286100126803,0.09123050002381206,400,85.39512288918385,0.5,0.0,,,,,,ok,31185,0.0,,,,,,False,,,,,finite-action,baseline,cpu,,,,,stochastic,0.1,random-action-slip,1535,138,0.08990228013029317,0.13420195439739413,0.020195439739413682,0.0006514657980456026,,sampled Q-learning transitions,0,isolated execution environment,,,,,0,,,,,,,,,,,,,,,,,,,,,,,,31185,,,,,recorded planning or training calls,original measured main experiment
stochastic_double_integrator_parking,MPC,1,2.1767307999543846,0.0,2.176693699788302,0,4.989320344279912,0.95,0.0,,,,,,ok,59913,0.0,,,,,,False,,,,,finite-action,baseline,cpu,,,,,stochastic,0.1,random-action-slip,426,33,0.07746478873239436,0.08215962441314555,0.014084507042253521,-0.002347417840375587,,scenario mean,8,isolated execution environment,,,,,6,,,,,,,,,,,,,,,,,,,,,,,,59913,,,,,recorded planning or training calls,original measured main experiment
stochastic_double_integrator_parking,SDTA-MDP,2,4.619590999791399,3.192498599877581,1.4270917000249028,3,4.863803134870482,0.95,0.0,6,6,0,27,32,ok,50456,0.12412639986723661,3.0671793001238257,0.0007108000572770834,sampled,sampled-forced,False,False,,,,,finite-action,finite-core,cpu,,,,,stochastic,0.1,random-action-slip,343,28,0.08163265306122448,0.11370262390670553,-0.03206997084548105,0.011661807580174927,0.4927850083702149,Monte Carlo absorption estimates,32,isolated execution environment with common per-seed disturbance stream,exact-discrete-slip,1.0,,True,,,,,,,,,,,,,,,,,,,,,,,,,11366,11366,39090,11366,0,complete leaf-dynamics replay,original measured main experiment
stochastic_double_integrator_parking,FineGridVI,2,0.18319100001826882,0.05175390001386404,0.1314356999937445,762,34.23288011106997,0.3,0.0,,,,,,ok,576,0.0,,,,,,False,,,,,finite-action,baseline,cpu,,,,,stochastic,0.1,random-action-slip,2052,198,0.09649122807017543,0.10526315789473684,0.005360623781676413,0.0014619883040935672,,discounted exact finite-action expectation,0,isolated execution environment,,,,,0,,,,,,,,,,,,,,,,,,,,,,,,576,,,,,recorded planning or training calls,original measured main experiment
stochastic_double_integrator_parking,TileQ,2,2.3310135998763144,2.2126676999032497,0.11834480008110404,400,85.95869144601637,0.05,0.0,,,,,,ok,30854,0.0,,,,,,False,,,,,finite-action,baseline,cpu,,,,,stochastic,0.1,random-action-slip,2319,218,0.09400603708495041,0.11556705476498491,0.009055627425614488,0.00129366106080207,,sampled Q-learning transitions,0,isolated execution environment,,,,,0,,,,,,,,,,,,,,,,,,,,,,,,30854,,,,,recorded planning or training calls,original measured main experiment
stochastic_double_integrator_parking,MPC,2,2.6921240999363363,0.0,2.6921035000123084,0,6.149141028220851,0.95,0.0,,,,,,ok,73193,0.0,,,,,,False,,,,,finite-action,baseline,cpu,,,,,stochastic,0.1,random-action-slip,517,40,0.07736943907156674,0.08123791102514506,-0.01160541586073501,0.007736943907156673,,scenario mean,8,isolated execution environment,,,,,6,,,,,,,,,,,,,,,,,,,,,,,,73193,,,,,recorded planning or training calls,original measured main experiment
stochastic_double_integrator_parking,SDTA-MDP,3,6.570822200039402,3.243484699865803,3.3273371001705527,3,4.959339055369025,0.9,0.0,6,6,0,27,32,ok,101686,0.12302660010755062,3.1191518001724035,0.0008080999832600355,sampled,sampled-forced,False,False,,,,,finite-action,finite-core,cpu,,,,,stochastic,0.1,random-action-slip,768,75,0.09765625,0.11588541666666667,-0.01171875,0.0078125,0.4939590674524367,Monte Carlo absorption estimates,32,isolated execution environment with common per-seed disturbance stream,exact-discrete-slip,1.0,,True,,,,,,,,,,,,,,,,,,,,,,,,,11518,11518,90168,11518,0,complete leaf-dynamics replay,original measured main experiment
stochastic_double_integrator_parking,FineGridVI,3,0.16633130004629493,0.05098939989693463,0.11534070014022291,762,34.79151818915298,0.15,0.0,,,,,,ok,576,0.0,,,,,,False,,,,,finite-action,baseline,cpu,,,,,stochastic,0.1,random-action-slip,2249,217,0.09648732770120054,0.10449088483770565,-0.0026678523788350376,0.004891062694530902,,discounted exact finite-action expectation,0,isolated execution environment,,,,,0,,,,,,,,,,,,,,,,,,,,,,,,576,,,,,recorded planning or training calls,original measured main experiment
stochastic_double_integrator_parking,TileQ,3,2.91945349983871,2.843254999956116,0.07619759999215603,400,7.874719886452121,0.9,0.0,,,,,,ok,30515,0.0,,,,,,False,,,,,finite-action,baseline,cpu,,,,,stochastic,0.1,random-action-slip,1055,94,0.08909952606635071,0.1080568720379147,-0.026540284360189573,0.005687203791469194,,sampled Q-learning transitions,0,isolated execution environment,,,,,0,,,,,,,,,,,,,,,,,,,,,,,,30515,,,,,recorded planning or training calls,original measured main experiment
stochastic_double_integrator_parking,MPC,3,5.459465299965814,0.0,5.459444399923086,0,8.176819547127696,0.75,0.0,,,,,,ok,128600,0.0,,,,,,False,,,,,finite-action,baseline,cpu,,,,,stochastic,0.1,random-action-slip,902,81,0.08980044345898004,0.09312638580931264,0.005543237250554324,0.009977827050997782,,scenario mean,8,isolated execution environment,,,,,6,,,,,,,,,,,,,,,,,,,,,,,,128600,,,,,recorded planning or training calls,original measured main experiment
stochastic_double_integrator_parking,SDTA-MDP,4,4.584812199929729,3.6004158998839557,0.984395899809897,1,4.253191799876214,1.0,0.0,6,6,0,26,32,ok,36479,0.1501056000124663,3.44928319985047,0.0004569001030176878,sampled,sampled-forced,False,False,,,,,finite-action,finite-core,cpu,,,,,stochastic,0.1,random-action-slip,236,30,0.1271186440677966,0.1652542372881356,-0.05084745762711865,-0.029661016949152543,0.528230222088621,Monte Carlo absorption estimates,32,isolated execution environment with common per-seed disturbance stream,exact-discrete-slip,1.0,,True,,,,,,,,,,,,,,,,,,,,,,,,,10745,10745,25734,10745,0,complete leaf-dynamics replay,original measured main experiment
stochastic_double_integrator_parking,FineGridVI,4,0.15467839990742505,0.053892199881374836,0.10078510013408959,762,26.82529956726072,0.45,0.0,,,,,,ok,576,0.0,,,,,,False,,,,,finite-action,baseline,cpu,,,,,stochastic,0.1,random-action-slip,1638,171,0.1043956043956044,0.10805860805860806,-0.007326007326007326,-0.006715506715506716,,discounted exact finite-action expectation,0,isolated execution environment,,,,,0,,,,,,,,,,,,,,,,,,,,,,,,576,,,,,recorded planning or training calls,original measured main experiment
stochastic_double_integrator_parking,TileQ,4,2.4902516999281943,2.4367297999560833,0.05352119985036552,400,11.53830871360918,1.0,0.0,,,,,,ok,31116,0.0,,,,,,False,,,,,finite-action,baseline,cpu,,,,,stochastic,0.1,random-action-slip,905,104,0.11491712707182321,0.13591160220994475,-0.013259668508287293,-0.0077348066298342545,,sampled Q-learning transitions,0,isolated execution environment,,,,,0,,,,,,,,,,,,,,,,,,,,,,,,31116,,,,,recorded planning or training calls,original measured main experiment
stochastic_double_integrator_parking,MPC,4,2.259250500006601,0.0,2.259025299921632,0,5.479424398279655,1.0,0.0,,,,,,ok,57165,0.0,,,,,,False,,,,,finite-action,baseline,cpu,,,,,stochastic,0.1,random-action-slip,408,44,0.10784313725490197,0.11519607843137254,-0.0196078431372549,-0.01715686274509804,,scenario mean,8,isolated execution environment,,,,,6,,,,,,,,,,,,,,,,,,,,,,,,57165,,,,,recorded planning or training calls,original measured main experiment
stochastic_double_integrator_parking,SDTA-MDP,5,5.679123000008985,3.4626557999290526,2.216466800076887,3,4.3209979680791655,0.95,0.0,6,6,0,28,32,ok,71987,0.13793350011110306,3.323457700200379,0.0006897998973727226,sampled,sampled-forced,False,False,,,,,finite-action,finite-core,cpu,,,,,stochastic,0.1,random-action-slip,522,48,0.09195402298850575,0.11302681992337164,0.0038314176245210726,0.005747126436781609,0.47661095908739476,Monte Carlo absorption estimates,32,isolated execution environment with common per-seed disturbance stream,exact-discrete-slip,1.0,,True,,,,,,,,,,,,,,,,,,,,,,,,,11336,11336,60651,11336,0,complete leaf-dynamics replay,original measured main experiment
stochastic_double_integrator_parking,FineGridVI,5,0.15561989997513592,0.048730099806562066,0.10688879992812872,762,33.594163129718844,0.4,0.0,,,,,,ok,576,0.0,,,,,,False,,,,,finite-action,baseline,cpu,,,,,stochastic,0.1,random-action-slip,2029,202,0.09955643173977329,0.10448496796451454,-0.011828486939379004,0.0009857072449482504,,discounted exact finite-action expectation,0,isolated execution environment,,,,,0,,,,,,,,,,,,,,,,,,,,,,,,576,,,,,recorded planning or training calls,original measured main experiment
stochastic_double_integrator_parking,TileQ,5,2.1716940999031067,2.126557300100103,0.04513590014539659,400,9.778620323296227,0.9,0.0,,,,,,ok,30677,0.0,,,,,,False,,,,,finite-action,baseline,cpu,,,,,stochastic,0.1,random-action-slip,870,77,0.08850574712643679,0.10114942528735632,-0.010344827586206896,0.0011494252873563218,,sampled Q-learning transitions,0,isolated execution environment,,,,,0,,,,,,,,,,,,,,,,,,,,,,,,30677,,,,,recorded planning or training calls,original measured main experiment
stochastic_double_integrator_parking,MPC,5,3.126113599864766,0.0,3.126093100057915,0,6.168927493840323,0.85,0.0,,,,,,ok,84189,0.0,,,,,,False,,,,,finite-action,baseline,cpu,,,,,stochastic,0.1,random-action-slip,595,55,0.09243697478991597,0.10252100840336134,0.011764705882352941,0.0033613445378151263,,scenario mean,8,isolated execution environment,,,,,6,,,,,,,,,,,,,,,,,,,,,,,,84189,,,,,recorded planning or training calls,original measured main experiment
stochastic_double_integrator_parking,SDTA-MDP,6,5.016941800015047,3.2106695999391377,1.8062718999572098,2,3.9269944652768514,0.9,0.0,6,6,0,26,32,ok,60510,0.12176089989952743,3.087884600041434,0.0005775999743491411,sampled,sampled-forced,False,False,,,,,finite-action,finite-core,cpu,,,,,stochastic,0.1,random-action-slip,427,35,0.08196721311475409,0.11007025761124122,-0.00234192037470726,0.0,0.4879618779018696,Monte Carlo absorption estimates,32,isolated execution environment with common per-seed disturbance stream,exact-discrete-slip,1.0,,True,,,,,,,,,,,,,,,,,,,,,,,,,11427,11427,49083,11427,0,complete leaf-dynamics replay,original measured main experiment
stochastic_double_integrator_parking,FineGridVI,6,0.17247439990751445,0.05408599996007979,0.11838720017112792,762,50.605174965438586,0.1,0.0,,,,,,ok,576,0.0,,,,,,False,,,,,finite-action,baseline,cpu,,,,,stochastic,0.1,random-action-slip,2348,223,0.09497444633730835,0.10008517887563884,0.010221465076660987,0.002981260647359455,,discounted exact finite-action expectation,0,isolated execution environment,,,,,0,,,,,,,,,,,,,,,,,,,,,,,,576,,,,,recorded planning or training calls,original measured main experiment
stochastic_double_integrator_parking,TileQ,6,2.248551999917254,2.1611784000415355,0.0873728001024574,400,12.503178867388097,0.85,0.0,,,,,,ok,30037,0.0,,,,,,False,,,,,finite-action,baseline,cpu,,,,,stochastic,0.1,random-action-slip,1321,125,0.09462528387585163,0.11127933383800151,-0.00757002271006813,-0.000757002271006813,,sampled Q-learning transitions,0,isolated execution environment,,,,,0,,,,,,,,,,,,,,,,,,,,,,,,30037,,,,,recorded planning or training calls,original measured main experiment
stochastic_double_integrator_parking,MPC,6,2.7437489998992532,0.0,2.7437278998550028,0,5.576605119519574,0.9,0.0,,,,,,ok,69963,0.0,,,,,,False,,,,,finite-action,baseline,cpu,,,,,stochastic,0.1,random-action-slip,495,36,0.07272727272727272,0.07474747474747474,-0.006060606060606061,0.0,,scenario mean,8,isolated execution environment,,,,,6,,,,,,,,,,,,,,,,,,,,,,,,69963,,,,,recorded planning or training calls,original measured main experiment
stochastic_double_integrator_parking,SDTA-MDP,7,5.118599700042978,3.2084938001353294,1.9101054999046028,1,4.22229821922439,0.9,0.0,6,6,0,29,32,ok,63474,0.12633770005777478,3.0812087999656796,0.0004539000801742077,sampled,sampled-forced,False,False,,,,,finite-action,finite-core,cpu,,,,,stochastic,0.1,random-action-slip,454,52,0.1145374449339207,0.14096916299559473,0.01762114537444934,0.00881057268722467,0.48532460492061874,Monte Carlo absorption estimates,32,isolated execution environment with common per-seed disturbance stream,exact-discrete-slip,1.0,,True,,,,,,,,,,,,,,,,,,,,,,,,,11364,11364,52110,11364,0,complete leaf-dynamics replay,original measured main experiment
stochastic_double_integrator_parking,FineGridVI,7,0.1534879000391811,0.048045599833130836,0.10544110019691288,762,32.96124673404297,0.15,0.0,,,,,,ok,576,0.0,,,,,,False,,,,,finite-action,baseline,cpu,,,,,stochastic,0.1,random-action-slip,2109,218,0.103366524419156,0.10810810810810811,-0.001422475106685633,0.002370791844476055,,discounted exact finite-action expectation,0,isolated execution environment,,,,,0,,,,,,,,,,,,,,,,,,,,,,,,576,,,,,recorded planning or training calls,original measured main experiment
stochastic_double_integrator_parking,TileQ,7,2.1021976999472827,2.0565734000410885,0.045623499900102615,400,11.610260163903163,0.95,0.0,,,,,,ok,29707,0.0,,,,,,False,,,,,finite-action,baseline,cpu,,,,,stochastic,0.1,random-action-slip,884,85,0.09615384615384616,0.10294117647058823,0.010180995475113122,0.004524886877828055,,sampled Q-learning transitions,0,isolated execution environment,,,,,0,,,,,,,,,,,,,,,,,,,,,,,,29707,,,,,recorded planning or training calls,original measured main experiment
stochastic_double_integrator_parking,MPC,7,4.226692100055516,0.0,4.226671099895611,0,6.2590315713280384,0.9,0.0,,,,,,ok,91651,0.0,,,,,,False,,,,,finite-action,baseline,cpu,,,,,stochastic,0.1,random-action-slip,647,74,0.1143740340030912,0.12210200927357033,0.0030911901081916537,0.0015455950540958269,,scenario mean,8,isolated execution environment,,,,,6,,,,,,,,,,,,,,,,,,,,,,,,91651,,,,,recorded planning or training calls,original measured main experiment
stochastic_double_integrator_parking,SDTA-MDP,8,6.716643899912015,3.5399062999058515,3.1767372000031173,1,4.640276942703823,0.85,0.0,6,6,0,29,32,ok,89939,0.14023689995519817,3.398651499999687,0.00045960000716149807,sampled,sampled-forced,False,False,,,,,finite-action,finite-core,cpu,,,,,stochastic,0.1,random-action-slip,669,64,0.09566517189835576,0.13153961136023917,-0.01195814648729447,0.014947683109118086,0.4924385961459634,Monte Carlo absorption estimates,32,isolated execution environment with common per-seed disturbance stream,exact-discrete-slip,1.0,,True,,,,,,,,,,,,,,,,,,,,,,,,,11522,11522,78417,11522,0,complete leaf-dynamics replay,original measured main experiment
stochastic_double_integrator_parking,FineGridVI,8,0.19206080003641546,0.05180100002326071,0.14025890012271702,762,35.1171149983098,0.1,0.0,,,,,,ok,576,0.0,,,,,,False,,,,,finite-action,baseline,cpu,,,,,stochastic,0.1,random-action-slip,2341,243,0.10380179410508329,0.10850064075181547,-0.008116189662537377,0.005553182400683468,,discounted exact finite-action expectation,0,isolated execution environment,,,,,0,,,,,,,,,,,,,,,,,,,,,,,,576,,,,,recorded planning or training calls,original measured main experiment
stochastic_double_integrator_parking,TileQ,8,2.4489067001268268,2.3479514999780804,0.10095440014265478,400,34.92793102688974,0.45,0.0,,,,,,ok,29897,0.0,,,,,,False,,,,,finite-action,baseline,cpu,,,,,stochastic,0.1,random-action-slip,1647,164,0.09957498482088646,0.151183970856102,-0.00546448087431694,0.004857316332726169,,sampled Q-learning transitions,0,isolated execution environment,,,,,0,,,,,,,,,,,,,,,,,,,,,,,,29897,,,,,recorded planning or training calls,original measured main experiment
stochastic_double_integrator_parking,MPC,8,4.6002684000413865,0.0,4.600247499998659,0,7.675359533168542,0.8,0.0,,,,,,ok,114727,0.0,,,,,,False,,,,,finite-action,baseline,cpu,,,,,stochastic,0.1,random-action-slip,805,74,0.09192546583850932,0.1031055900621118,-0.0037267080745341614,0.012422360248447204,,scenario mean,8,isolated execution environment,,,,,6,,,,,,,,,,,,,,,,,,,,,,,,114727,,,,,recorded planning or training calls,original measured main experiment
stochastic_double_integrator_parking,SDTA-MDP,9,6.958188000135124,3.783186900196597,3.175000499933958,2,9.587298120426585,0.9,0.0,6,6,0,25,32,ok,96738,0.176589900162071,3.6055627001915127,0.000573399942368269,sampled,sampled-forced,False,False,,,,,finite-action,finite-core,cpu,,,,,stochastic,0.1,random-action-slip,726,79,0.10881542699724518,0.1418732782369146,-0.028925619834710745,-0.005509641873278237,0.43691765924538095,Monte Carlo absorption estimates,32,isolated execution environment with common per-seed disturbance stream,exact-discrete-slip,1.0,,True,,,,,,,,,,,,,,,,,,,,,,,,,11520,11520,85218,11520,0,complete leaf-dynamics replay,original measured main experiment
stochastic_double_integrator_parking,FineGridVI,9,0.1636079999152571,0.04874900006689131,0.11485789995640516,762,55.02321756638579,0.1,0.0,,,,,,ok,576,0.0,,,,,,False,,,,,finite-action,baseline,cpu,,,,,stochastic,0.1,random-action-slip,2316,227,0.09801381692573402,0.10751295336787564,-0.002158894645941278,0.0008635578583765112,,discounted exact finite-action expectation,0,isolated execution environment,,,,,0,,,,,,,,,,,,,,,,,,,,,,,,576,,,,,recorded planning or training calls,original measured main experiment
stochastic_double_integrator_parking,TileQ,9,2.1929303999058902,2.1014022000599653,0.09152749995701015,400,58.749858904185984,0.45,0.0,,,,,,ok,30277,0.0,,,,,,False,,,,,finite-action,baseline,cpu,,,,,stochastic,0.1,random-action-slip,1661,172,0.10355207706201083,0.1535219747140277,-0.0030102347983142685,-0.0012040939193257074,,sampled Q-learning transitions,0,isolated execution environment,,,,,0,,,,,,,,,,,,,,,,,,,,,,,,30277,,,,,recorded planning or training calls,original measured main experiment
stochastic_double_integrator_parking,MPC,9,4.217867499915883,0.0,4.217846899991855,0,11.555317613795015,0.8,0.0,,,,,,ok,114124,0.0,,,,,,False,,,,,finite-action,baseline,cpu,,,,,stochastic,0.1,random-action-slip,801,85,0.10611735330836454,0.11860174781523096,-0.02871410736579276,-0.004993757802746567,,scenario mean,8,isolated execution environment,,,,,6,,,,,,,,,,,,,,,,,,,,,,,,114124,,,,,recorded planning or training calls,original measured main experiment
stochastic_continuous_braking_car,SDTA-MDP,0,42.9441995001398,42.63579920004122,0.3083999000955373,2,5.236328083989269,1.0,0.0,26,23,3,294,32,ok,9940,16.78835429996252,25.842281700111926,0.0020884000696241856,sampled,sampled-forced,False,False,,,,,continuous-action,adaptive-candidates,cpu,,,,,stochastic,0.05,gaussian-action-noise,29,24,0.8275862068965517,0.29041988429631577,-3.5106767241379297,-3.595743506199496,0.27942218465602275,Monte Carlo absorption estimates,32,isolated execution environment with common per-seed disturbance stream,bounded-ksigma-representative,0.9544997361036417,3,True,,,,,,,,,,,,,,,,,,,,,,,,,5843,5577,4363,5577,0,complete leaf-dynamics replay,original measured main experiment
stochastic_continuous_braking_car,FineGridVI,0,0.2465083000715822,0.24297830020077527,0.0035288999788463116,5,7.195000492027188,1.0,0.0,,,,,,ok,3584,0.0,,,,,,False,,,,,continuous-action,baseline,cpu,,,,,stochastic,0.05,gaussian-action-noise,20,16,0.8,0.2544210364004728,-7.25,-7.195000492027186,,discounted 7-point Gauss-Hermite expectation,0,isolated execution environment,,,,,0,,,,,,,,,,,,,,,,,,,,,,,,3584,,,,,recorded planning or training calls,original measured main experiment
stochastic_continuous_braking_car,TileQ,0,0.05588700016960502,0.05356300016865134,0.002323300112038851,400,30.00407465702363,0.75,0.25,,,,,,ok,432,0.0,,,,,,False,,,,,continuous-action,baseline,cpu,,,,,stochastic,0.05,gaussian-action-noise,20,19,0.95,0.37345889118742026,-5.225,-5.289038346814137,,sampled Q-learning transitions,0,isolated execution environment,,,,,0,,,,,,,,,,,,,,,,,,,,,,,,432,,,,,recorded planning or training calls,original measured main experiment
stochastic_continuous_braking_car,MPC,0,0.10237390012480319,0.0,0.10235279984772205,0,5.706179068017453,1.0,0.0,,,,,,ok,1786,0.0,,,,,,False,,,,,continuous-action,baseline,cpu,,,,,stochastic,0.05,gaussian-action-noise,23,19,0.8260869565217391,0.24276463165756915,-4.95704347826087,-4.955373102623871,,scenario mean,8,isolated execution environment,,,,,6,,,,,,,,,,,,,,,,,,,,,,,,1786,,,,,recorded planning or training calls,original measured main experiment
stochastic_continuous_braking_car,SDTA-MDP,1,42.83886359981261,42.51877429988235,0.32008880004286766,2,10.024588626549743,0.95,0.05,26,22,4,292,32,ok,10678,15.957172899972647,26.55674359994009,0.0019498001784086227,sampled,sampled-forced,False,False,,,,,continuous-action,adaptive-candidates,cpu,,,,,stochastic,0.05,gaussian-action-noise,30,28,0.9333333333333333,0.3597289118386961,-3.6281624999999993,-3.605655753597518,0.2809579983735171,Monte Carlo absorption estimates,32,isolated execution environment with common per-seed disturbance stream,bounded-ksigma-representative,0.9544997361036417,3,True,,,,,,,,,,,,,,,,,,,,,,,,,5588,5852,4826,5852,0,complete leaf-dynamics replay,original measured main experiment
stochastic_continuous_braking_car,FineGridVI,1,0.23947239993140101,0.23688230011612177,0.0025893000420182943,5,11.819177059342499,0.95,0.05,,,,,,ok,3584,0.0,,,,,,False,,,,,continuous-action,baseline,cpu,,,,,stochastic,0.05,gaussian-action-noise,23,17,0.7391304347826086,0.3159022078206492,-6.413086956521739,-6.2787583158165505,,discounted 7-point Gauss-Hermite expectation,0,isolated execution environment,,,,,0,,,,,,,,,,,,,,,,,,,,,,,,3584,,,,,recorded planning or training calls,original measured main experiment
stochastic_continuous_braking_car,TileQ,1,0.050494500203058124,0.048188500106334686,0.0023050999734550714,400,25.12040197038781,0.8,0.2,,,,,,ok,433,0.0,,,,,,False,,,,,continuous-action,baseline,cpu,,,,,stochastic,0.05,gaussian-action-noise,20,18,0.9,0.33757937512817426,-5.675225,-5.683730379017315,,sampled Q-learning transitions,0,isolated execution environment,,,,,0,,,,,,,,,,,,,,,,,,,,,,,,433,,,,,recorded planning or training calls,original measured main experiment
stochastic_continuous_braking_car,MPC,1,0.09165139985270798,0.0,0.09163019992411137,0,10.483404744459833,0.95,0.05,,,,,,ok,1652,0.0,,,,,,False,,,,,continuous-action,baseline,cpu,,,,,stochastic,0.05,gaussian-action-noise,23,18,0.782608695652174,0.3296114301338196,-5.239130434782608,-5.117217172440316,,scenario mean,8,isolated execution environment,,,,,6,,,,,,,,,,,,,,,,,,,,,,,,1652,,,,,recorded planning or training calls,original measured main experiment
stochastic_continuous_braking_car,SDTA-MDP,2,42.62285879999399,42.24328740010969,0.3795710999984294,2,9.662908045174778,0.95,0.05,26,23,3,306,32,ok,10689,15.970507399877533,26.265313200186938,0.002052699914202094,sampled,sampled-forced,False,False,,,,,continuous-action,adaptive-candidates,cpu,,,,,stochastic,0.05,gaussian-action-noise,30,25,0.8333333333333334,0.37411587418646136,-3.352,-3.4252720301165183,0.2989423413346537,Monte Carlo absorption estimates,32,isolated execution environment with common per-seed disturbance stream,bounded-ksigma-representative,0.9544997361036417,3,True,,,,,,,,,,,,,,,,,,,,,,,,,5860,5592,5097,5592,0,complete leaf-dynamics replay,original measured main experiment
stochastic_continuous_braking_car,FineGridVI,2,0.24479299993254244,0.2420472998637706,0.002744999947026372,5,10.651303326465857,0.95,0.05,,,,,,ok,3584,0.0,,,,,,False,,,,,continuous-action,baseline,cpu,,,,,stochastic,0.05,gaussian-action-noise,24,20,0.8333333333333334,0.35333128476315445,-5.104375,-5.117752772054881,,discounted 7-point Gauss-Hermite expectation,0,isolated execution environment,,,,,0,,,,,,,,,,,,,,,,,,,,,,,,3584,,,,,recorded planning or training calls,original measured main experiment
stochastic_continuous_braking_car,TileQ,2,0.05295719997957349,0.05038820020854473,0.0025683001149445772,400,11.12545820947536,0.95,0.05,,,,,,ok,443,0.0,,,,,,False,,,,,continuous-action,baseline,cpu,,,,,stochastic,0.05,gaussian-action-noise,22,19,0.8636363636363636,0.3541798621062704,-6.136363636363637,-6.018598372250327,,sampled Q-learning transitions,0,isolated execution environment,,,,,0,,,,,,,,,,,,,,,,,,,,,,,,443,,,,,recorded planning or training calls,original measured main experiment
stochastic_continuous_braking_car,MPC,2,0.09732800000347197,0.0,0.09730700007639825,0,9.524915712469852,0.95,0.05,,,,,,ok,1787,0.0,,,,,,False,,,,,continuous-action,baseline,cpu,,,,,stochastic,0.05,gaussian-action-noise,23,22,0.9565217391304348,0.42300465331425186,-4.3913913043478265,-4.362970184756393,,scenario mean,8,isolated execution environment,,,,,6,,,,,,,,,,,,,,,,,,,,,,,,1787,,,,,recorded planning or training calls,original measured main experiment
stochastic_continuous_braking_car,SDTA-MDP,3,43.33940210007131,42.94587030005641,0.3935314000118524,2,9.905238874801208,0.95,0.05,26,22,4,287,32,ok,11230,16.349294499959797,26.591537799919024,0.0019314999226480722,sampled,sampled-forced,False,False,,,,,continuous-action,adaptive-candidates,cpu,,,,,stochastic,0.05,gaussian-action-noise,32,24,0.75,0.2894955882353093,-3.2815664062499996,-3.3595242967507546,0.282870603414409,Monte Carlo absorption estimates,32,isolated execution environment with common per-seed disturbance stream,bounded-ksigma-representative,0.9544997361036417,3,True,,,,,,,,,,,,,,,,,,,,,,,,,5615,5863,5367,5863,0,complete leaf-dynamics replay,original measured main experiment
stochastic_continuous_braking_car,FineGridVI,3,0.2576220000628382,0.25439899996854365,0.003222099971026182,5,11.889655394909607,0.95,0.05,,,,,,ok,3584,0.0,,,,,,False,,,,,continuous-action,baseline,cpu,,,,,stochastic,0.05,gaussian-action-noise,21,16,0.7619047619047619,0.3529847938322576,-7.142904761904762,-7.035386090390101,,discounted 7-point Gauss-Hermite expectation,0,isolated execution environment,,,,,0,,,,,,,,,,,,,,,,,,,,,,,,3584,,,,,recorded planning or training calls,original measured main experiment
stochastic_continuous_braking_car,TileQ,3,0.05338830011896789,0.050710299983620644,0.0026771998964250088,400,11.025603147610003,0.95,0.05,,,,,,ok,435,0.0,,,,,,False,,,,,continuous-action,baseline,cpu,,,,,stochastic,0.05,gaussian-action-noise,20,16,0.8,0.36165208557228756,-6.625300000000001,-6.525603147610004,,sampled Q-learning transitions,0,isolated execution environment,,,,,0,,,,,,,,,,,,,,,,,,,,,,,,435,,,,,recorded planning or training calls,original measured main experiment
stochastic_continuous_braking_car,MPC,3,0.1276543999556452,0.0,0.12763360003009439,0,10.74868305995379,0.95,0.05,,,,,,ok,2095,0.0,,,,,,False,,,,,continuous-action,baseline,cpu,,,,,stochastic,0.05,gaussian-action-noise,27,20,0.7407407407407407,0.3248672688096339,-4.685333333333333,-4.615691155521326,,scenario mean,8,isolated execution environment,,,,,6,,,,,,,,,,,,,,,,,,,,,,,,2095,,,,,recorded planning or training calls,original measured main experiment
stochastic_continuous_braking_car,SDTA-MDP,4,41.51887009991333,41.17639869987033,0.3424706000369042,2,15.130827626551408,0.9,0.1,26,22,4,290,32,ok,10448,16.119816499995068,25.051694200141355,0.0019436001311987638,sampled,sampled-forced,False,False,,,,,continuous-action,adaptive-candidates,cpu,,,,,stochastic,0.05,gaussian-action-noise,29,25,0.8620689655172413,0.26679179255542834,-4.174431034482759,-4.209419177410571,0.28065107617508706,Monte Carlo absorption estimates,32,isolated execution environment with common per-seed disturbance stream,bounded-ksigma-representative,0.9544997361036417,3,True,,,,,,,,,,,,,,,,,,,,,,,,,5593,5840,4608,5840,0,complete leaf-dynamics replay,original measured main experiment
stochastic_continuous_braking_car,FineGridVI,4,0.29565879981964827,0.29289370006881654,0.0027642000932246447,5,17.029472780356045,0.9,0.1,,,,,,ok,3584,0.0,,,,,,False,,,,,continuous-action,baseline,cpu,,,,,stochastic,0.05,gaussian-action-noise,25,17,0.68,0.21463647786346055,-6.5000800000000005,-6.409842368839974,,discounted 7-point Gauss-Hermite expectation,0,isolated execution environment,,,,,0,,,,,,,,,,,,,,,,,,,,,,,,3584,,,,,recorded planning or training calls,original measured main experiment
stochastic_continuous_braking_car,TileQ,4,0.053897100035101175,0.0516393999569118,0.002257100073620677,400,16.40800441198933,0.9,0.1,,,,,,ok,430,0.0,,,,,,False,,,,,continuous-action,baseline,cpu,,,,,stochastic,0.05,gaussian-action-noise,20,14,0.7,0.23595124534093345,-7.50005,-7.403334592683254,,sampled Q-learning transitions,0,isolated execution environment,,,,,0,,,,,,,,,,,,,,,,,,,,,,,,430,,,,,recorded planning or training calls,original measured main experiment
stochastic_continuous_braking_car,MPC,4,0.11208550003357232,0.0,0.11206439998932183,0,15.384225717807638,0.9,0.1,,,,,,ok,1731,0.0,,,,,,False,,,,,continuous-action,baseline,cpu,,,,,stochastic,0.05,gaussian-action-noise,23,18,0.782608695652174,0.22099095430222113,-5.608695652173913,-5.540918172610051,,scenario mean,8,isolated execution environment,,,,,6,,,,,,,,,,,,,,,,,,,,,,,,1731,,,,,recorded planning or training calls,original measured main experiment
stochastic_continuous_braking_car,SDTA-MDP,5,42.280559999868274,41.897273499984294,0.3832859001122415,2,18.59578503234667,0.85,0.15,26,22,4,290,32,ok,10982,16.328099300153553,25.563078599981964,0.002503999974578619,sampled,sampled-forced,False,False,,,,,continuous-action,adaptive-candidates,cpu,,,,,stochastic,0.05,gaussian-action-noise,32,26,0.8125,0.3122626502557175,-2.8553164062500005,-2.887001402859397,0.28822845351556353,Monte Carlo absorption estimates,32,isolated execution environment with common per-seed disturbance stream,bounded-ksigma-representative,0.9544997361036417,3,True,,,,,,,,,,,,,,,,,,,,,,,,,5615,5615,5367,5615,0,complete leaf-dynamics replay,original measured main experiment
stochastic_continuous_braking_car,FineGridVI,5,0.2865493001881987,0.2839359000790864,0.0026120999827980995,5,15.369307496702287,0.9,0.1,,,,,,ok,3584,0.0,,,,,,False,,,,,continuous-action,baseline,cpu,,,,,stochastic,0.05,gaussian-action-noise,21,18,0.8571428571428571,0.27421648139550475,-6.071428571428571,-6.062812577454354,,discounted 7-point Gauss-Hermite expectation,0,isolated execution environment,,,,,0,,,,,,,,,,,,,,,,,,,,,,,,3584,,,,,recorded planning or training calls,original measured main experiment
stochastic_continuous_braking_car,TileQ,5,0.0753543998580426,0.07271700003184378,0.0026366999372839928,400,16.92171925467985,0.9,0.1,,,,,,ok,428,0.0,,,,,,False,,,,,continuous-action,baseline,cpu,,,,,stochastic,0.05,gaussian-action-noise,20,15,0.75,0.2356527076652406,-7.500249999999999,-7.4572651629341635,,sampled Q-learning transitions,0,isolated execution environment,,,,,0,,,,,,,,,,,,,,,,,,,,,,,,428,,,,,recorded planning or training calls,original measured main experiment
stochastic_continuous_braking_car,MPC,5,0.17522899992763996,0.0,0.17520679999142885,0,14.188854103562411,0.9,0.1,,,,,,ok,2033,0.0,,,,,,False,,,,,continuous-action,baseline,cpu,,,,,stochastic,0.05,gaussian-action-noise,26,21,0.8076923076923077,0.2510287368602062,-3.9432307692307704,-3.9792306255286096,,scenario mean,8,isolated execution environment,,,,,6,,,,,,,,,,,,,,,,,,,,,,,,2033,,,,,recorded planning or training calls,original measured main experiment
stochastic_continuous_braking_car,SDTA-MDP,6,42.39906159997918,42.18565660016611,0.2134042999241501,2,19.775053906642775,0.85,0.15,26,22,4,296,32,ok,8218,16.15450240019709,26.02603440009989,0.0019662000704556704,sampled,sampled-forced,False,False,,,,,continuous-action,adaptive-candidates,cpu,,,,,stochastic,0.05,gaussian-action-noise,22,20,0.9090909090909091,0.26892758604061584,-5.400130681818181,-5.418808426353399,0.2853419359602385,Monte Carlo absorption estimates,32,isolated execution environment with common per-seed disturbance stream,bounded-ksigma-representative,0.9544997361036417,3,True,,,,,,,,,,,,,,,,,,,,,,,,,5609,5609,2609,5609,0,complete leaf-dynamics replay,original measured main experiment
stochastic_continuous_braking_car,FineGridVI,6,0.24426609999500215,0.24179510003887117,0.0024701000656932592,5,21.493975957774303,0.85,0.15,,,,,,ok,3584,0.0,,,,,,False,,,,,continuous-action,baseline,cpu,,,,,stochastic,0.05,gaussian-action-noise,21,14,0.6666666666666666,0.2025905103835134,-7.381,-7.316296495352633,,discounted 7-point Gauss-Hermite expectation,0,isolated execution environment,,,,,0,,,,,,,,,,,,,,,,,,,,,,,,3584,,,,,recorded planning or training calls,original measured main experiment
stochastic_continuous_braking_car,TileQ,6,0.05081719998270273,0.04845759994350374,0.0023584000300616026,400,16.776099793555453,0.9,0.1,,,,,,ok,431,0.0,,,,,,False,,,,,continuous-action,baseline,cpu,,,,,stochastic,0.05,gaussian-action-noise,20,15,0.75,0.2343975835446772,-7.125,-7.017838539805138,,sampled Q-learning transitions,0,isolated execution environment,,,,,0,,,,,,,,,,,,,,,,,,,,,,,,431,,,,,recorded planning or training calls,original measured main experiment
stochastic_continuous_braking_car,MPC,6,0.08572140010073781,0.0,0.08569859992712736,0,20.760621818334815,0.85,0.15,,,,,,ok,1475,0.0,,,,,,False,,,,,continuous-action,baseline,cpu,,,,,stochastic,0.05,gaussian-action-noise,21,16,0.7619047619047619,0.24318341488696144,-6.595238095238095,-6.513127182754066,,scenario mean,8,isolated execution environment,,,,,6,,,,,,,,,,,,,,,,,,,,,,,,1475,,,,,recorded planning or training calls,original measured main experiment
stochastic_continuous_braking_car,SDTA-MDP,7,42.6916390999686,42.370870399987325,0.3207682999782264,2,14.213173324600044,0.9,0.1,26,22,4,286,32,ok,9804,15.81775109982118,26.548019299982116,0.0019429000094532967,sampled,sampled-forced,False,False,,,,,continuous-action,adaptive-candidates,cpu,,,,,stochastic,0.05,gaussian-action-noise,26,22,0.8461538461538461,0.34540526366744445,-3.9179375,-3.9977822487807697,0.2829722450372559,Monte Carlo absorption estimates,32,isolated execution environment with common per-seed disturbance stream,bounded-ksigma-representative,0.9544997361036417,3,True,,,,,,,,,,,,,,,,,,,,,,,,,5603,5603,4201,5603,0,complete leaf-dynamics replay,original measured main experiment
stochastic_continuous_braking_car,FineGridVI,7,0.24325380008667707,0.2406556000933051,0.0025973001029342413,5,15.699467856216302,0.9,0.1,,,,,,ok,3584,0.0,,,,,,False,,,,,continuous-action,baseline,cpu,,,,,stochastic,0.05,gaussian-action-noise,23,15,0.6521739130434783,0.29657028699689286,-5.869695652173912,-5.818183873940227,,discounted 7-point Gauss-Hermite expectation,0,isolated execution environment,,,,,0,,,,,,,,,,,,,,,,,,,,,,,,3584,,,,,recorded planning or training calls,original measured main experiment
stochastic_continuous_braking_car,TileQ,7,0.055605199886485934,0.052713500102981925,0.0028910001274198294,400,21.058489845996668,0.85,0.15,,,,,,ok,436,0.0,,,,,,False,,,,,continuous-action,baseline,cpu,,,,,stochastic,0.05,gaussian-action-noise,20,14,0.7,0.34730716125365174,-7.12505,-7.087322725091735,,sampled Q-learning transitions,0,isolated execution environment,,,,,0,,,,,,,,,,,,,,,,,,,,,,,,436,,,,,recorded planning or training calls,original measured main experiment
stochastic_continuous_braking_car,MPC,7,0.10441660019569099,0.0,0.10439540003426373,0,14.51906095723121,0.9,0.1,,,,,,ok,1594,0.0,,,,,,False,,,,,continuous-action,baseline,cpu,,,,,stochastic,0.05,gaussian-action-noise,21,16,0.7619047619047619,0.37908475448388834,-5.2404761904761905,-5.252861481948731,,scenario mean,8,isolated execution environment,,,,,6,,,,,,,,,,,,,,,,,,,,,,,,1594,,,,,recorded planning or training calls,original measured main experiment
stochastic_continuous_braking_car,SDTA-MDP,8,42.12742460006848,41.74759829998948,0.3798259000759572,2,13.668892799505514,0.9,0.1,26,22,4,289,32,ok,10523,16.04460610006936,25.697008300106972,0.002879499923437834,sampled,sampled-forced,False,False,,,,,continuous-action,adaptive-candidates,cpu,,,,,stochastic,0.05,gaussian-action-noise,28,26,0.9285714285714286,0.3011221647130267,-3.205950892857143,-3.317837461999825,0.30169416286761047,Monte Carlo absorption estimates,32,isolated execution environment with common per-seed disturbance stream,bounded-ksigma-representative,0.9544997361036417,3,True,,,,,,,,,,,,,,,,,,,,,,,,,5583,5583,4940,5583,0,complete leaf-dynamics replay,original measured main experiment
stochastic_continuous_braking_car,FineGridVI,8,0.2666287000756711,0.26385460002347827,0.0027729999274015427,5,19.450082265809588,0.85,0.15,,,,,,ok,3584,0.0,,,,,,False,,,,,continuous-action,baseline,cpu,,,,,stochastic,0.05,gaussian-action-noise,25,20,0.8,0.25950668956030654,-4.4002,-4.520191179736487,,discounted 7-point Gauss-Hermite expectation,0,isolated execution environment,,,,,0,,,,,,,,,,,,,,,,,,,,,,,,3584,,,,,recorded planning or training calls,original measured main experiment
stochastic_continuous_braking_car,TileQ,8,0.05899890000000596,0.0557115999981761,0.0032864001113921404,400,25.780188637954495,0.8,0.2,,,,,,ok,437,0.0,,,,,,False,,,,,continuous-action,baseline,cpu,,,,,stochastic,0.05,gaussian-action-noise,21,13,0.6190476190476191,0.17232962317047856,-6.5,-6.518111274810412,,sampled Q-learning transitions,0,isolated execution environment,,,,,0,,,,,,,,,,,,,,,,,,,,,,,,437,,,,,recorded planning or training calls,original measured main experiment
stochastic_continuous_braking_car,MPC,8,0.09184279991313815,0.0,0.09181390004232526,0,13.530892895314414,0.9,0.1,,,,,,ok,1585,0.0,,,,,,False,,,,,continuous-action,baseline,cpu,,,,,stochastic,0.05,gaussian-action-noise,20,19,0.95,0.3139018083867252,-4.375,-4.526972542608656,,scenario mean,8,isolated execution environment,,,,,6,,,,,,,,,,,,,,,,,,,,,,,,1585,,,,,recorded planning or training calls,original measured main experiment
stochastic_continuous_braking_car,SDTA-MDP,9,42.77107689995319,42.42575089982711,0.34532550000585616,2,23.309013815209042,0.8,0.2,26,23,3,317,32,ok,10137,16.534241799963638,25.88534720009193,0.0021470999345183372,sampled,sampled-forced,False,False,,,,,continuous-action,adaptive-candidates,cpu,,,,,stochastic,0.05,gaussian-action-noise,29,26,0.896551724137931,0.19175949214643828,-3.6915301724137928,-3.619280519347464,0.30268461068803837,Monte Carlo absorption estimates,32,isolated execution environment with common per-seed disturbance stream,bounded-ksigma-representative,0.9544997361036417,3,True,,,,,,,,,,,,,,,,,,,,,,,,,5852,5852,4285,5852,0,complete leaf-dynamics replay,original measured main experiment
stochastic_continuous_braking_car,FineGridVI,9,0.29089479986578226,0.2882336999755353,0.0026597001124173403,5,25.140311601405468,0.8,0.2,,,,,,ok,3584,0.0,,,,,,False,,,,,continuous-action,baseline,cpu,,,,,stochastic,0.05,gaussian-action-noise,23,16,0.6956521739130435,0.1914297300056865,-6.3044782608695655,-6.168916990652391,,discounted 7-point Gauss-Hermite expectation,0,isolated execution environment,,,,,0,,,,,,,,,,,,,,,,,,,,,,,,3584,,,,,recorded planning or training calls,original measured main experiment
stochastic_continuous_braking_car,TileQ,9,0.05370500008575618,0.05134560004808009,0.0023587001487612724,400,30.98170363898951,0.75,0.25,,,,,,ok,438,0.0,,,,,,False,,,,,continuous-action,baseline,cpu,,,,,stochastic,0.05,gaussian-action-noise,20,17,0.85,0.22159678311688297,-6.250025,-6.092444272122748,,sampled Q-learning transitions,0,isolated execution environment,,,,,0,,,,,,,,,,,,,,,,,,,,,,,,438,,,,,recorded planning or training calls,original measured main experiment
stochastic_continuous_braking_car,MPC,9,0.12821629992686212,0.0,0.1281950999982655,0,23.99496370149273,0.8,0.2,,,,,,ok,2062,0.0,,,,,,False,,,,,continuous-action,baseline,cpu,,,,,stochastic,0.05,gaussian-action-noise,26,22,0.8461538461538461,0.20487262963925876,-4.675846153846154,-4.57031279949039,,scenario mean,8,isolated execution environment,,,,,6,,,,,,,,,,,,,,,,,,,,,,,,2062,,,,,recorded planning or training calls,original measured main experiment
stochastic_pendulum_swing_up,SDTA-MDP,0,6.896646999986842,2.608221999835223,4.288424599915743,2,56.75123085507492,1.0,0.0,5,5,0,47,32,ok,59307,0.1381598999723792,2.4686961001716554,0.000606300076469779,sampled,sampled-forced,False,False,,,,,continuous-action,adaptive-candidates,cpu,,,,,stochastic,0.05,gaussian-action-noise,1067,696,0.6522961574507966,0.09768814271038921,0.0951265229615745,0.0967160884905679,0.6832996590529238,Monte Carlo absorption estimates,32,isolated execution environment with common per-seed disturbance stream,bounded-ksigma-representative,0.9544997361036417,3,True,,,,,,,,,,,,,,,,,,,,,,,,,5282,5282,54025,5282,0,complete leaf-dynamics replay,original measured main experiment
stochastic_pendulum_swing_up,FineGridVI,0,0.38115369994193316,0.21022080001421273,0.1709318000357598,815,71.90865119954246,0.1,0.0,,,,,,ok,2240,0.0,,,,,,False,,,,,continuous-action,baseline,cpu,,,,,stochastic,0.05,gaussian-action-noise,2309,1188,0.5145084452143786,0.07722232353736293,0.17929839757470767,0.1753159970885242,,discounted 7-point Gauss-Hermite expectation,0,isolated execution environment,,,,,0,,,,,,,,,,,,,,,,,,,,,,,,2240,,,,,recorded planning or training calls,original measured main experiment
stochastic_pendulum_swing_up,TileQ,0,4.377384199993685,4.19818520010449,0.17919809999875724,400,420.1025722352475,0.0,0.0,,,,,,ok,42989,0.0,,,,,,False,,,,,continuous-action,baseline,cpu,,,,,stochastic,0.05,gaussian-action-noise,2400,2138,0.8908333333333334,0.13759523174457272,0.5875,0.5734910908533,,sampled Q-learning transitions,0,isolated execution environment,,,,,0,,,,,,,,,,,,,,,,,,,,,,,,42989,,,,,recorded planning or training calls,original measured main experiment
stochastic_pendulum_swing_up,MPC,0,12.977283600019291,0.0,12.977248299866915,0,57.110387181825594,1.0,0.0,,,,,,ok,234365,0.0,,,,,,False,,,,,continuous-action,baseline,cpu,,,,,stochastic,0.05,gaussian-action-noise,992,667,0.6723790322580645,0.09897674028951693,0.11290322580645161,0.11476944549042223,,scenario mean,8,isolated execution environment,,,,,6,,,,,,,,,,,,,,,,,,,,,,,,234365,,,,,recorded planning or training calls,original measured main experiment
stochastic_pendulum_swing_up,SDTA-MDP,1,5.363194500096142,1.8486408002208918,3.5145533999893814,2,37.45294071148824,1.0,0.0,5,5,0,44,32,ok,54712,0.09249339997768402,1.7548536998219788,0.0006222999654710293,sampled,sampled-forced,False,False,,,,,continuous-action,adaptive-candidates,cpu,,,,,stochastic,0.05,gaussian-action-noise,932,631,0.677038626609442,0.10485578500887725,0.13251072961373392,0.12279331418861149,0.6416648313918729,Monte Carlo absorption estimates,32,isolated execution environment with common per-seed disturbance stream,bounded-ksigma-representative,0.9544997361036417,3,True,,,,,,,,,,,,,,,,,,,,,,,,,4638,4638,50074,4638,0,complete leaf-dynamics replay,original measured main experiment
stochastic_pendulum_swing_up,FineGridVI,1,0.30522420001216233,0.190447699977085,0.11477550002746284,815,47.96238081578617,0.45,0.0,,,,,,ok,2240,0.0,,,,,,False,,,,,continuous-action,baseline,cpu,,,,,stochastic,0.05,gaussian-action-noise,1725,876,0.5078260869565218,0.08267452564617446,0.15768115942028985,0.15427033472993368,,discounted 7-point Gauss-Hermite expectation,0,isolated execution environment,,,,,0,,,,,,,,,,,,,,,,,,,,,,,,2240,,,,,recorded planning or training calls,original measured main experiment
stochastic_pendulum_swing_up,TileQ,1,3.9311454999260604,3.8000667998567224,0.13107809983193874,400,97.23078993220057,0.35,0.0,,,,,,ok,42916,0.0,,,,,,False,,,,,continuous-action,baseline,cpu,,,,,stochastic,0.05,gaussian-action-noise,1836,954,0.5196078431372549,0.08266679811289554,0.8099128540305011,0.7743141900351972,,sampled Q-learning transitions,0,isolated execution environment,,,,,0,,,,,,,,,,,,,,,,,,,,,,,,42916,,,,,recorded planning or training calls,original measured main experiment
stochastic_pendulum_swing_up,MPC,1,11.114278099965304,0.0,11.114257300039753,0,37.03639105507666,1.0,0.0,,,,,,ok,216407,0.0,,,,,,False,,,,,continuous-action,baseline,cpu,,,,,stochastic,0.05,gaussian-action-noise,915,658,0.7191256830601093,0.11314644803626615,0.13114754098360656,0.12288826339184873,,scenario mean,8,isolated execution environment,,,,,6,,,,,,,,,,,,,,,,,,,,,,,,216407,,,,,recorded planning or training calls,original measured main experiment
stochastic_pendulum_swing_up,SDTA-MDP,2,7.211097500054166,2.6128669001627713,4.598230199888349,1,46.58707396161293,1.0,0.0,5,5,0,43,32,ok,58749,0.09602509997785091,2.515449499944225,0.0007156999781727791,sampled,sampled-forced,False,False,,,,,continuous-action,adaptive-candidates,cpu,,,,,stochastic,0.05,gaussian-action-noise,1064,737,0.6926691729323309,0.10826356744522994,-0.03759398496240601,-0.038389033375094125,0.6423294752297943,Monte Carlo absorption estimates,32,isolated execution environment with common per-seed disturbance stream,bounded-ksigma-representative,0.9544997361036417,3,True,,,,,,,,,,,,,,,,,,,,,,,,,5034,5034,53715,5034,0,complete leaf-dynamics replay,original measured main experiment
stochastic_pendulum_swing_up,FineGridVI,2,0.45816759997978806,0.2658231998793781,0.19234349997714162,815,72.54912940120425,0.3,0.0,,,,,,ok,2240,0.0,,,,,,False,,,,,continuous-action,baseline,cpu,,,,,stochastic,0.05,gaussian-action-noise,1993,1088,0.5459106874059207,0.08691663536766524,-0.14199698946312092,-0.14033209778996353,,discounted 7-point Gauss-Hermite expectation,0,isolated execution environment,,,,,0,,,,,,,,,,,,,,,,,,,,,,,,2240,,,,,recorded planning or training calls,original measured main experiment
stochastic_pendulum_swing_up,TileQ,2,4.954881299985573,4.783216099953279,0.17166449991054833,400,225.37654841011272,0.15,0.0,,,,,,ok,43804,0.0,,,,,,False,,,,,continuous-action,baseline,cpu,,,,,stochastic,0.05,gaussian-action-noise,2254,1709,0.7582076308784383,0.12357857470946909,1.2542147293700088,1.2132921654238542,,sampled Q-learning transitions,0,isolated execution environment,,,,,0,,,,,,,,,,,,,,,,,,,,,,,,43804,,,,,recorded planning or training calls,original measured main experiment
stochastic_pendulum_swing_up,MPC,2,12.789842800004408,0.0,12.789804300060496,0,46.84228083585834,1.0,0.0,,,,,,ok,234494,0.0,,,,,,False,,,,,continuous-action,baseline,cpu,,,,,stochastic,0.05,gaussian-action-noise,990,713,0.7202020202020202,0.11081369459903745,-0.02727272727272727,-0.02777698318913074,,scenario mean,8,isolated execution environment,,,,,6,,,,,,,,,,,,,,,,,,,,,,,,234494,,,,,recorded planning or training calls,original measured main experiment
stochastic_pendulum_swing_up,SDTA-MDP,3,5.996162099996582,1.9715694000478834,4.024592400062829,2,48.25022099869689,1.0,0.0,5,5,0,46,32,ok,61990,0.09109309990890324,1.8791932999156415,0.0006218999624252319,sampled,sampled-forced,False,False,,,,,continuous-action,adaptive-candidates,cpu,,,,,stochastic,0.05,gaussian-action-noise,1064,733,0.6889097744360902,0.11061148034837032,0.24671052631578946,0.23673045272659624,0.7025929688663328,Monte Carlo absorption estimates,32,isolated execution environment with common per-seed disturbance stream,bounded-ksigma-representative,0.9544997361036417,3,True,,,,,,,,,,,,,,,,,,,,,,,,,5155,5155,56835,5155,0,complete leaf-dynamics replay,original measured main experiment
stochastic_pendulum_swing_up,FineGridVI,3,0.3369972000364214,0.1892890001181513,0.14770699990913272,815,65.3502221353569,0.25,0.0,,,,,,ok,2240,0.0,,,,,,False,,,,,continuous-action,baseline,cpu,,,,,stochastic,0.05,gaussian-action-noise,2110,1103,0.5227488151658768,0.08465947825835712,0.17962085308056872,0.17090094213466397,,discounted 7-point Gauss-Hermite expectation,0,isolated execution environment,,,,,0,,,,,,,,,,,,,,,,,,,,,,,,2240,,,,,recorded planning or training calls,original measured main experiment
stochastic_pendulum_swing_up,TileQ,3,4.079389800084755,3.954520200146362,0.12486879993230104,400,83.91031331335437,0.7,0.0,,,,,,ok,44719,0.0,,,,,,False,,,,,continuous-action,baseline,cpu,,,,,stochastic,0.05,gaussian-action-noise,1832,1550,0.8460698689956332,0.1365396299363215,0.25382096069869,0.25820433799309045,,sampled Q-learning transitions,0,isolated execution environment,,,,,0,,,,,,,,,,,,,,,,,,,,,,,,44719,,,,,recorded planning or training calls,original measured main experiment
stochastic_pendulum_swing_up,MPC,3,14.009270699927583,0.0,14.009248499991372,0,48.490857583508685,1.0,0.0,,,,,,ok,231441,0.0,,,,,,False,,,,,continuous-action,baseline,cpu,,,,,stochastic,0.05,gaussian-action-noise,978,690,0.7055214723926381,0.11379938772089382,0.261758691206544,0.2515512329744281,,scenario mean,8,isolated execution environment,,,,,6,,,,,,,,,,,,,,,,,,,,,,,,231441,,,,,recorded planning or training calls,original measured main experiment
stochastic_pendulum_swing_up,SDTA-MDP,4,6.89915610011667,2.714705100050196,4.1844504999462515,2,47.83887608018349,1.0,0.0,5,5,0,46,32,ok,55932,0.17074960004538298,2.54208240006119,0.0008771999273449183,sampled,sampled-forced,False,False,,,,,continuous-action,adaptive-candidates,cpu,,,,,stochastic,0.05,gaussian-action-noise,1017,697,0.6853490658800393,0.10996359729030894,-0.012782694198623401,-0.014358168594501756,0.6621396549598275,Monte Carlo absorption estimates,32,isolated execution environment with common per-seed disturbance stream,bounded-ksigma-representative,0.9544997361036417,3,True,,,,,,,,,,,,,,,,,,,,,,,,,4769,4769,51163,4769,0,complete leaf-dynamics replay,original measured main experiment
stochastic_pendulum_swing_up,FineGridVI,4,0.3633198000025004,0.20595949981361628,0.15735910017974675,815,76.69221429253963,0.25,0.0,,,,,,ok,2240,0.0,,,,,,False,,,,,continuous-action,baseline,cpu,,,,,stochastic,0.05,gaussian-action-noise,2176,1163,0.5344669117647058,0.08644485864204333,0.0055147058823529415,0.002280662210619177,,discounted 7-point Gauss-Hermite expectation,0,isolated execution environment,,,,,0,,,,,,,,,,,,,,,,,,,,,,,,2240,,,,,recorded planning or training calls,original measured main experiment
stochastic_pendulum_swing_up,TileQ,4,4.553324199980125,4.436017999891192,0.11730540008284152,400,82.81018209228712,0.7,0.0,,,,,,ok,45225,0.0,,,,,,False,,,,,continuous-action,baseline,cpu,,,,,stochastic,0.05,gaussian-action-noise,1673,1351,0.8075313807531381,0.12901952391084184,-0.24327555289898387,-0.2507288332023484,,sampled Q-learning transitions,0,isolated execution environment,,,,,0,,,,,,,,,,,,,,,,,,,,,,,,45225,,,,,recorded planning or training calls,original measured main experiment
stochastic_pendulum_swing_up,MPC,4,11.871036299970001,0.0,11.87101380014792,0,48.0324095437182,1.0,0.0,,,,,,ok,223350,0.0,,,,,,False,,,,,continuous-action,baseline,cpu,,,,,stochastic,0.05,gaussian-action-noise,945,655,0.6931216931216931,0.11131731301125687,-0.01164021164021164,-0.014132030872833653,,scenario mean,8,isolated execution environment,,,,,6,,,,,,,,,,,,,,,,,,,,,,,,223350,,,,,recorded planning or training calls,original measured main experiment
stochastic_pendulum_swing_up,SDTA-MDP,5,5.687750400044024,2.063336299965158,3.624413600191474,2,51.07870004703756,1.0,0.0,5,5,0,46,32,ok,56024,0.09704430005513132,1.964790300000459,0.0006172000430524349,sampled,sampled-forced,False,False,,,,,continuous-action,adaptive-candidates,cpu,,,,,stochastic,0.05,gaussian-action-noise,1009,676,0.6699702675916749,0.10632772727382112,-0.007433102081268583,-0.00915996693538437,0.6910936602766642,Monte Carlo absorption estimates,32,isolated execution environment with common per-seed disturbance stream,bounded-ksigma-representative,0.9544997361036417,3,True,,,,,,,,,,,,,,,,,,,,,,,,,5345,5345,50679,5345,0,complete leaf-dynamics replay,original measured main experiment
stochastic_pendulum_swing_up,FineGridVI,5,0.34759269980713725,0.2126545999199152,0.1349369001109153,815,59.899707885957426,0.3,0.0,,,,,,ok,2240,0.0,,,,,,False,,,,,continuous-action,baseline,cpu,,,,,stochastic,0.05,gaussian-action-noise,2046,1067,0.521505376344086,0.0842356594886822,-0.03421309872922776,-0.03143547760011375,,discounted 7-point Gauss-Hermite expectation,0,isolated execution environment,,,,,0,,,,,,,,,,,,,,,,,,,,,,,,2240,,,,,recorded planning or training calls,original measured main experiment
stochastic_pendulum_swing_up,TileQ,5,4.0297397000249475,3.867930200183764,0.1618085999507457,400,111.11170459811595,0.25,0.0,,,,,,ok,43826,0.0,,,,,,False,,,,,continuous-action,baseline,cpu,,,,,stochastic,0.05,gaussian-action-noise,2210,1222,0.5529411764705883,0.09070029425144067,-0.7393665158371041,-0.7118708726634282,,sampled Q-learning transitions,0,isolated execution environment,,,,,0,,,,,,,,,,,,,,,,,,,,,,,,43826,,,,,recorded planning or training calls,original measured main experiment
stochastic_pendulum_swing_up,MPC,5,12.549618099816144,0.0,12.54959599999711,0,47.299057570183386,1.0,0.0,,,,,,ok,218737,0.0,,,,,,False,,,,,continuous-action,baseline,cpu,,,,,stochastic,0.05,gaussian-action-noise,926,642,0.693304535637149,0.11099277157198086,0.014038876889848811,0.014029481112589873,,scenario mean,8,isolated execution environment,,,,,6,,,,,,,,,,,,,,,,,,,,,,,,218737,,,,,recorded planning or training calls,original measured main experiment
stochastic_pendulum_swing_up,SDTA-MDP,6,6.654256799956784,2.1890647998079658,4.465191500028595,3,48.40581440092341,1.0,0.0,5,5,0,45,32,ok,58886,0.0951284000184387,2.0923933999147266,0.0008318999316543341,sampled,sampled-forced,False,False,,,,,continuous-action,adaptive-candidates,cpu,,,,,stochastic,0.05,gaussian-action-noise,990,692,0.6989898989898989,0.11367343125029843,0.22121212121212122,0.21124472103542768,0.6490702947458485,Monte Carlo absorption estimates,32,isolated execution environment with common per-seed disturbance stream,bounded-ksigma-representative,0.9544997361036417,3,True,,,,,,,,,,,,,,,,,,,,,,,,,4819,4819,54067,4819,0,complete leaf-dynamics replay,original measured main experiment
stochastic_pendulum_swing_up,FineGridVI,6,0.36878979997709394,0.22572570014744997,0.14306309982202947,815,60.50104399259575,0.3,0.0,,,,,,ok,2240,0.0,,,,,,False,,,,,continuous-action,baseline,cpu,,,,,stochastic,0.05,gaussian-action-noise,1844,1023,0.5547722342733189,0.08916783765550593,0.3774403470715835,0.36596063276356716,,discounted 7-point Gauss-Hermite expectation,0,isolated execution environment,,,,,0,,,,,,,,,,,,,,,,,,,,,,,,2240,,,,,recorded planning or training calls,original measured main experiment
stochastic_pendulum_swing_up,TileQ,6,4.423616199987009,4.238006999948993,0.18560820003040135,400,127.40861829617761,0.15,0.0,,,,,,ok,43653,0.0,,,,,,False,,,,,continuous-action,baseline,cpu,,,,,stochastic,0.05,gaussian-action-noise,2230,2123,0.9520179372197309,0.152866867470313,-0.4412556053811659,-0.433903448743374,,sampled Q-learning transitions,0,isolated execution environment,,,,,0,,,,,,,,,,,,,,,,,,,,,,,,43653,,,,,recorded planning or training calls,original measured main experiment
stochastic_pendulum_swing_up,MPC,6,11.093247700016946,0.0,11.09322619996965,0,45.08324127085029,1.0,0.0,,,,,,ok,214548,0.0,,,,,,False,,,,,continuous-action,baseline,cpu,,,,,stochastic,0.05,gaussian-action-noise,911,655,0.7189901207464325,0.11492257236547031,0.2513721185510428,0.24429632691940506,,scenario mean,8,isolated execution environment,,,,,6,,,,,,,,,,,,,,,,,,,,,,,,214548,,,,,recorded planning or training calls,original measured main experiment
stochastic_pendulum_swing_up,SDTA-MDP,7,5.769901700085029,1.9956614000257105,3.7742399000562727,2,37.584926509367655,1.0,0.0,5,5,0,46,32,ok,58172,0.0916548001114279,1.9026707001030445,0.0006797001697123051,sampled,sampled-forced,False,False,,,,,continuous-action,adaptive-candidates,cpu,,,,,stochastic,0.05,gaussian-action-noise,962,667,0.6933471933471933,0.11020014272867762,0.03898128898128898,0.03829651140616397,0.6524725336115946,Monte Carlo absorption estimates,32,isolated execution environment with common per-seed disturbance stream,bounded-ksigma-representative,0.9544997361036417,3,True,,,,,,,,,,,,,,,,,,,,,,,,,5215,5215,52957,5215,0,complete leaf-dynamics replay,original measured main experiment
stochastic_pendulum_swing_up,FineGridVI,7,0.43465709988959134,0.21435479982756078,0.22030130005441606,815,47.660964239810674,0.35,0.0,,,,,,ok,2240,0.0,,,,,,False,,,,,continuous-action,baseline,cpu,,,,,stochastic,0.05,gaussian-action-noise,2008,1025,0.5104581673306773,0.0832705178505351,0.052788844621513946,0.049249045256645925,,discounted 7-point Gauss-Hermite expectation,0,isolated execution environment,,,,,0,,,,,,,,,,,,,,,,,,,,,,,,2240,,,,,recorded planning or training calls,original measured main experiment
stochastic_pendulum_swing_up,TileQ,7,4.335632700007409,4.184486000100151,0.1511459001339972,400,107.33762930629871,0.2,0.0,,,,,,ok,44938,0.0,,,,,,False,,,,,continuous-action,baseline,cpu,,,,,stochastic,0.05,gaussian-action-noise,2197,2140,0.9740555302685481,0.1568718559387448,-0.1511151570323168,-0.15447804019762673,,sampled Q-learning transitions,0,isolated execution environment,,,,,0,,,,,,,,,,,,,,,,,,,,,,,,44938,,,,,recorded planning or training calls,original measured main experiment
stochastic_pendulum_swing_up,MPC,7,13.046920699998736,0.0,13.046899099834263,0,37.81509985613427,1.0,0.0,,,,,,ok,221230,0.0,,,,,,False,,,,,continuous-action,baseline,cpu,,,,,stochastic,0.05,gaussian-action-noise,934,679,0.7269807280513919,0.11574398434746927,0.046038543897216275,0.042883579848972245,,scenario mean,8,isolated execution environment,,,,,6,,,,,,,,,,,,,,,,,,,,,,,,221230,,,,,recorded planning or training calls,original measured main experiment
stochastic_pendulum_swing_up,SDTA-MDP,8,6.65785999991931,2.4134978998918086,4.244361599907279,2,40.330452292370616,1.0,0.0,5,5,0,44,32,ok,59749,0.10892300005070865,2.303012799937278,0.0006756999064236879,sampled,sampled-forced,False,False,,,,,continuous-action,adaptive-candidates,cpu,,,,,stochastic,0.05,gaussian-action-noise,1003,680,0.6779661016949152,0.10930653077466305,-0.19242273180458624,-0.192156428087779,0.7158625246234358,Monte Carlo absorption estimates,32,isolated execution environment with common per-seed disturbance stream,bounded-ksigma-representative,0.9544997361036417,3,True,,,,,,,,,,,,,,,,,,,,,,,,,5521,5521,54228,5521,0,complete leaf-dynamics replay,original measured main experiment
stochastic_pendulum_swing_up,FineGridVI,8,0.35196349979378283,0.21241749986074865,0.13954510004259646,815,59.23689641255133,0.25,0.0,,,,,,ok,2240,0.0,,,,,,False,,,,,continuous-action,baseline,cpu,,,,,stochastic,0.05,gaussian-action-noise,2081,1034,0.4968765016818837,0.0788108001819751,-0.20134550696780393,-0.19869366530130583,,discounted 7-point Gauss-Hermite expectation,0,isolated execution environment,,,,,0,,,,,,,,,,,,,,,,,,,,,,,,2240,,,,,recorded planning or training calls,original measured main experiment
stochastic_pendulum_swing_up,TileQ,8,4.461710500065237,4.310187300201505,0.1515224000904709,400,130.01961879893514,0.2,0.0,,,,,,ok,44047,0.0,,,,,,False,,,,,continuous-action,baseline,cpu,,,,,stochastic,0.05,gaussian-action-noise,2132,1117,0.523921200750469,0.08243574329365685,-0.8803939962476548,-0.8494556353660536,,sampled Q-learning transitions,0,isolated execution environment,,,,,0,,,,,,,,,,,,,,,,,,,,,,,,44047,,,,,recorded planning or training calls,original measured main experiment
stochastic_pendulum_swing_up,MPC,8,11.500959699973464,0.0,11.500938799930736,0,40.46819106447051,1.0,0.0,,,,,,ok,220447,0.0,,,,,,False,,,,,continuous-action,baseline,cpu,,,,,stochastic,0.05,gaussian-action-noise,932,664,0.7124463519313304,0.11570054740389449,-0.2092274678111588,-0.2032530209847708,,scenario mean,8,isolated execution environment,,,,,6,,,,,,,,,,,,,,,,,,,,,,,,220447,,,,,recorded planning or training calls,original measured main experiment
stochastic_pendulum_swing_up,SDTA-MDP,9,6.896909000119194,1.9307797001674771,4.966128799831495,2,71.57174658716083,1.0,0.0,5,5,0,42,32,ok,74114,0.09257459989748895,1.8369148999918252,0.000654399860650301,sampled,sampled-forced,False,False,,,,,continuous-action,adaptive-candidates,cpu,,,,,stochastic,0.05,gaussian-action-noise,1260,841,0.6674603174603174,0.09949934947723237,0.029365079365079365,0.02848729522510277,0.6189687728926232,Monte Carlo absorption estimates,32,isolated execution environment with common per-seed disturbance stream,bounded-ksigma-representative,0.9544997361036417,3,True,,,,,,,,,,,,,,,,,,,,,,,,,4848,4848,69266,4848,0,complete leaf-dynamics replay,original measured main experiment
stochastic_pendulum_swing_up,FineGridVI,9,0.3337892999406904,0.1922865998931229,0.14150179992429912,815,99.17279941872773,0.25,0.0,,,,,,ok,2240,0.0,,,,,,False,,,,,continuous-action,baseline,cpu,,,,,stochastic,0.05,gaussian-action-noise,2127,1149,0.5401974612129761,0.08395903704058827,-0.07757404795486601,-0.07398497231371233,,discounted 7-point Gauss-Hermite expectation,0,isolated execution environment,,,,,0,,,,,,,,,,,,,,,,,,,,,,,,2240,,,,,recorded planning or training calls,original measured main experiment
stochastic_pendulum_swing_up,TileQ,9,4.925090900156647,4.764532099943608,0.16055820020847023,400,192.22932482669145,0.2,0.0,,,,,,ok,44172,0.0,,,,,,False,,,,,continuous-action,baseline,cpu,,,,,stochastic,0.05,gaussian-action-noise,2203,1601,0.7267362687244666,0.1123954413300829,0.14616432137993646,0.145272396124105,,sampled Q-learning transitions,0,isolated execution environment,,,,,0,,,,,,,,,,,,,,,,,,,,,,,,44172,,,,,recorded planning or training calls,original measured main experiment
stochastic_pendulum_swing_up,MPC,9,15.790592199889943,0.0,15.7905705999583,0,71.47365015441011,1.0,0.0,,,,,,ok,279315,0.0,,,,,,False,,,,,continuous-action,baseline,cpu,,,,,stochastic,0.05,gaussian-action-noise,1179,822,0.6972010178117048,0.10609503042175174,0.02714164546225615,0.024874763136777573,,scenario mean,8,isolated execution environment,,,,,6,,,,,,,,,,,,,,,,,,,,,,,,279315,,,,,recorded planning or training calls,original measured main experiment
stochastic_continuous_point_mass,SDTA-MDP,0,231.3925898000598,228.02235540002584,3.370233700145036,3,10.683184430998674,1.0,0.05,135,135,0,3978,32,ok,66798,22.328761500073597,205.62296629999764,0.02806750009767711,sampled,sampled-forced,False,False,,,,,continuous-action,adaptive-candidates,cpu,,,,,stochastic,0.05,gaussian-action-noise,342,340,0.9941520467836257,0.23657776574417722,0.7364135489143626,0.7223426699030555,1.569783295985407,Monte Carlo absorption estimates,32,isolated execution environment with common per-seed disturbance stream,bounded-ksigma-representative,0.9544997361036417,3,True,,,,,,,,,,,,,,,,,,,,,,,,,37678,37678,29120,37678,0,complete leaf-dynamics replay,original measured main experiment
stochastic_continuous_point_mass,FineGridVI,0,0.28623399999924004,0.2506696998607367,0.03556320001371205,21,17.22120903327202,1.0,0.3,,,,,,ok,2688,0.0,,,,,,False,,,,,continuous-action,baseline,cpu,,,,,stochastic,0.05,gaussian-action-noise,389,389,1.0,0.23509317130053495,0.7692460160782484,0.7601520348955857,,discounted 7-point Gauss-Hermite expectation,0,isolated execution environment,,,,,0,,,,,,,,,,,,,,,,,,,,,,,,2688,,,,,recorded planning or training calls,original measured main experiment
stochastic_continuous_point_mass,TileQ,0,1.888317900011316,1.7653632001020014,0.12295389990322292,400,16.209361774093445,0.55,0.0,,,,,,ok,15933,0.0,,,,,,False,,,,,continuous-action,baseline,cpu,,,,,stochastic,0.05,gaussian-action-noise,1280,1280,1.0,0.234420266458288,0.2515728492132069,0.2574480934470228,,sampled Q-learning transitions,0,isolated execution environment,,,,,0,,,,,,,,,,,,,,,,,,,,,,,,15933,,,,,recorded planning or training calls,original measured main experiment
stochastic_continuous_point_mass,MPC,0,11.81145799998194,0.0,11.811437099939212,0,8.968306019002338,1.0,0.0,,,,,,ok,161194,0.0,,,,,,False,,,,,continuous-action,baseline,cpu,,,,,stochastic,0.05,gaussian-action-noise,315,315,1.0,0.2376226869042594,0.7683487539824265,0.7570847045509594,,scenario mean,8,isolated execution environment,,,,,6,,,,,,,,,,,,,,,,,,,,,,,,161194,,,,,recorded planning or training calls,original measured main experiment
stochastic_continuous_point_mass,SDTA-MDP,1,239.17704129987396,234.98586019990034,4.1911803998518735,3,8.974855520648447,1.0,0.0,135,135,0,3945,32,ok,66142,25.398802400100976,209.50951369991526,0.032679300056770444,sampled,sampled-forced,False,False,,,,,continuous-action,adaptive-candidates,cpu,,,,,stochastic,0.05,gaussian-action-noise,325,325,1.0,0.2500496899531403,0.7338302160363304,0.7548151011489405,1.5680894491591428,Monte Carlo absorption estimates,32,isolated execution environment with common per-seed disturbance stream,bounded-ksigma-representative,0.9544997361036417,3,True,,,,,,,,,,,,,,,,,,,,,,,,,38569,38569,27573,38569,0,complete leaf-dynamics replay,original measured main experiment
stochastic_continuous_point_mass,FineGridVI,1,0.3090572999790311,0.27449969993904233,0.03455649991519749,21,18.758672032665373,1.0,0.35,,,,,,ok,2688,0.0,,,,,,False,,,,,continuous-action,baseline,cpu,,,,,stochastic,0.05,gaussian-action-noise,381,381,1.0,0.25843213709743845,0.7647840383739227,0.7875595175909846,,discounted 7-point Gauss-Hermite expectation,0,isolated execution environment,,,,,0,,,,,,,,,,,,,,,,,,,,,,,,2688,,,,,recorded planning or training calls,original measured main experiment
stochastic_continuous_point_mass,TileQ,1,2.137220700038597,1.930549900047481,0.2066697000991553,400,25.268057816388467,0.45,0.0,,,,,,ok,14517,0.0,,,,,,False,,,,,continuous-action,baseline,cpu,,,,,stochastic,0.05,gaussian-action-noise,1787,1787,1.0,0.25829441526360725,0.1472346864790994,0.1402469884193183,,sampled Q-learning transitions,0,isolated execution environment,,,,,0,,,,,,,,,,,,,,,,,,,,,,,,14517,,,,,recorded planning or training calls,original measured main experiment
stochastic_continuous_point_mass,MPC,1,13.026142299873754,0.0,13.026120699942112,0,9.802390280137686,1.0,0.05,,,,,,ok,159886,0.0,,,,,,False,,,,,continuous-action,baseline,cpu,,,,,stochastic,0.05,gaussian-action-noise,313,313,1.0,0.25429448852177355,0.7790889718247133,0.7984962740636715,,scenario mean,8,isolated execution environment,,,,,6,,,,,,,,,,,,,,,,,,,,,,,,159886,,,,,recorded planning or training calls,original measured main experiment
stochastic_continuous_point_mass,SDTA-MDP,2,228.44181010010652,224.9995431001298,3.4422665000893176,4,10.094830536634113,1.0,0.0,135,135,0,3958,32,ok,67270,22.120227599982172,202.80403360002674,0.032150400104001164,sampled,sampled-forced,False,False,,,,,continuous-action,adaptive-candidates,cpu,,,,,stochastic,0.05,gaussian-action-noise,354,351,0.9915254237288136,0.23902443890552938,0.6851896260245417,0.6784863026862781,1.5672473439749444,Monte Carlo absorption estimates,32,isolated execution environment with common per-seed disturbance stream,bounded-ksigma-representative,0.9544997361036417,3,True,,,,,,,,,,,,,,,,,,,,,,,,,37905,37905,29365,37905,0,complete leaf-dynamics replay,original measured main experiment
stochastic_continuous_point_mass,FineGridVI,2,0.2999970999080688,0.26411029999144375,0.03588579990901053,21,19.22151875002305,1.0,0.3,,,,,,ok,2688,0.0,,,,,,False,,,,,continuous-action,baseline,cpu,,,,,stochastic,0.05,gaussian-action-noise,395,395,1.0,0.2398975511099548,0.7774447642744675,0.7624304107475418,,discounted 7-point Gauss-Hermite expectation,0,isolated execution environment,,,,,0,,,,,,,,,,,,,,,,,,,,,,,,2688,,,,,recorded planning or training calls,original measured main experiment
stochastic_continuous_point_mass,TileQ,2,1.7941749000456184,1.6048848999198526,0.18928930000402033,400,24.162488993366818,0.15,0.0,,,,,,ok,14728,0.0,,,,,,False,,,,,continuous-action,baseline,cpu,,,,,stochastic,0.05,gaussian-action-noise,2097,2096,0.9995231282784931,0.2512822597097921,0.811990089768658,0.8082379281769212,,sampled Q-learning transitions,0,isolated execution environment,,,,,0,,,,,,,,,,,,,,,,,,,,,,,,14728,,,,,recorded planning or training calls,original measured main experiment
stochastic_continuous_point_mass,MPC,2,12.783413899829611,0.0,12.783392800018191,0,9.086798545948295,1.0,0.0,,,,,,ok,162738,0.0,,,,,,False,,,,,continuous-action,baseline,cpu,,,,,stochastic,0.05,gaussian-action-noise,318,318,1.0,0.23812610308689033,0.7688693075404388,0.7588237600635662,,scenario mean,8,isolated execution environment,,,,,6,,,,,,,,,,,,,,,,,,,,,,,,162738,,,,,recorded planning or training calls,original measured main experiment
stochastic_continuous_point_mass,SDTA-MDP,3,226.75304540013894,223.05966140003875,3.693383399862796,3,9.57459693092823,1.0,0.0,135,135,0,3988,32,ok,65857,23.478857200127095,199.5121305999346,0.02776980004273355,sampled,sampled-forced,False,False,,,,,continuous-action,adaptive-candidates,cpu,,,,,stochastic,0.05,gaussian-action-noise,336,334,0.9940476190476191,0.24254966482551596,0.7324003349208434,0.7407931533777677,1.5619342152095184,Monte Carlo absorption estimates,32,isolated execution environment with common per-seed disturbance stream,bounded-ksigma-representative,0.9544997361036417,3,True,,,,,,,,,,,,,,,,,,,,,,,,,37479,37479,28378,37479,0,complete leaf-dynamics replay,original measured main experiment
stochastic_continuous_point_mass,FineGridVI,3,0.28548659989610314,0.25068259984254837,0.03480309993028641,21,19.076995848028215,1.0,0.35,,,,,,ok,2688,0.0,,,,,,False,,,,,continuous-action,baseline,cpu,,,,,stochastic,0.05,gaussian-action-noise,385,385,1.0,0.25066875948809825,0.7751981872494639,0.7867295572574251,,discounted 7-point Gauss-Hermite expectation,0,isolated execution environment,,,,,0,,,,,,,,,,,,,,,,,,,,,,,,2688,,,,,recorded planning or training calls,original measured main experiment
stochastic_continuous_point_mass,TileQ,3,1.6967778000980616,1.5111140001099557,0.18566290009766817,400,48.656024986004475,0.3,0.7,,,,,,ok,13991,0.0,,,,,,False,,,,,continuous-action,baseline,cpu,,,,,stochastic,0.05,gaussian-action-noise,1781,1781,1.0,0.25149870083793885,0.1675751275075669,0.16199963042266863,,sampled Q-learning transitions,0,isolated execution environment,,,,,0,,,,,,,,,,,,,,,,,,,,,,,,13991,,,,,recorded planning or training calls,original measured main experiment
stochastic_continuous_point_mass,MPC,3,11.593087299959734,0.0,11.593064600136131,0,9.066346067723194,1.0,0.0,,,,,,ok,161973,0.0,,,,,,False,,,,,continuous-action,baseline,cpu,,,,,stochastic,0.05,gaussian-action-noise,316,316,1.0,0.25101829171717516,0.7716781532960587,0.7819796578814681,,scenario mean,8,isolated execution environment,,,,,6,,,,,,,,,,,,,,,,,,,,,,,,161973,,,,,recorded planning or training calls,original measured main experiment
stochastic_continuous_point_mass,SDTA-MDP,4,228.08195629995316,223.48948809993453,4.592467800015584,3,11.169738108429407,1.0,0.05,135,135,0,3966,32,ok,68632,21.567413500044495,201.85463499999605,0.02678330009803176,sampled,sampled-forced,False,False,,,,,continuous-action,adaptive-candidates,cpu,,,,,stochastic,0.05,gaussian-action-noise,358,358,1.0,0.26615620557725933,0.6350544158655298,0.6393799976940139,1.5650983711345405,Monte Carlo absorption estimates,32,isolated execution environment with common per-seed disturbance stream,bounded-ksigma-representative,0.9544997361036417,3,True,,,,,,,,,,,,,,,,,,,,,,,,,38532,38532,30100,38532,0,complete leaf-dynamics replay,original measured main experiment
stochastic_continuous_point_mass,FineGridVI,4,0.42559870006516576,0.38352999999187887,0.04206739994697273,21,18.378265792179327,1.0,0.35,,,,,,ok,2688,0.0,,,,,,False,,,,,continuous-action,baseline,cpu,,,,,stochastic,0.05,gaussian-action-noise,397,397,1.0,0.26742984150431703,0.7755064988710592,0.7731455553139036,,discounted 7-point Gauss-Hermite expectation,0,isolated execution environment,,,,,0,,,,,,,,,,,,,,,,,,,,,,,,2688,,,,,recorded planning or training calls,original measured main experiment
stochastic_continuous_point_mass,TileQ,4,2.3864321999717504,1.9183628000319004,0.4680677999276668,400,33.61558363644185,0.1,0.0,,,,,,ok,14940,0.0,,,,,,False,,,,,continuous-action,baseline,cpu,,,,,stochastic,0.05,gaussian-action-noise,2207,1758,0.7965564114182148,0.19900794680357103,-0.998562413454151,-0.9590964733440257,,sampled Q-learning transitions,0,isolated execution environment,,,,,0,,,,,,,,,,,,,,,,,,,,,,,,14940,,,,,recorded planning or training calls,original measured main experiment
stochastic_continuous_point_mass,MPC,4,15.993474700022489,0.0,15.993442200124264,0,10.860601508318844,1.0,0.1,,,,,,ok,160544,0.0,,,,,,False,,,,,continuous-action,baseline,cpu,,,,,stochastic,0.05,gaussian-action-noise,314,314,1.0,0.2653730348757014,0.7757204058675706,0.7778474944331588,,scenario mean,8,isolated execution environment,,,,,6,,,,,,,,,,,,,,,,,,,,,,,,160544,,,,,recorded planning or training calls,original measured main experiment
stochastic_continuous_point_mass,SDTA-MDP,5,224.90833329991437,221.26436050003394,3.6439723998773843,3,10.429139073537355,1.0,0.05,135,135,0,3955,32,ok,66510,22.489185699960217,198.70783520000987,0.027219800045713782,sampled,sampled-forced,False,False,,,,,continuous-action,adaptive-candidates,cpu,,,,,stochastic,0.05,gaussian-action-noise,332,328,0.9879518072289156,0.2488223404235366,0.7511455885358836,0.7562973360049817,1.5596638603458552,Monte Carlo absorption estimates,32,isolated execution environment with common per-seed disturbance stream,bounded-ksigma-representative,0.9544997361036417,3,True,,,,,,,,,,,,,,,,,,,,,,,,,38412,38412,28098,38412,0,complete leaf-dynamics replay,original measured main experiment
stochastic_continuous_point_mass,FineGridVI,5,0.291786199901253,0.2571520998608321,0.034633300034329295,21,21.96315294706286,1.0,0.4,,,,,,ok,2688,0.0,,,,,,False,,,,,continuous-action,baseline,cpu,,,,,stochastic,0.05,gaussian-action-noise,383,383,1.0,0.25778343275228427,0.7689929798278216,0.7692816128680414,,discounted 7-point Gauss-Hermite expectation,0,isolated execution environment,,,,,0,,,,,,,,,,,,,,,,,,,,,,,,2688,,,,,recorded planning or training calls,original measured main experiment
stochastic_continuous_point_mass,TileQ,5,1.946916500106454,1.8129092999733984,0.1340059998910874,400,22.06902697402282,0.75,0.0,,,,,,ok,15082,0.0,,,,,,False,,,,,continuous-action,baseline,cpu,,,,,stochastic,0.05,gaussian-action-noise,1440,1438,0.9986111111111111,0.2580486000782626,0.17835083293812604,0.1777826236861095,,sampled Q-learning transitions,0,isolated execution environment,,,,,0,,,,,,,,,,,,,,,,,,,,,,,,15082,,,,,recorded planning or training calls,original measured main experiment
stochastic_continuous_point_mass,MPC,5,12.81666040001437,0.0,12.81663000001572,0,9.914477364190613,1.0,0.05,,,,,,ok,159516,0.0,,,,,,False,,,,,continuous-action,baseline,cpu,,,,,stochastic,0.05,gaussian-action-noise,311,311,1.0,0.2557913930375561,0.7874734301906003,0.8006560487504096,,scenario mean,8,isolated execution environment,,,,,6,,,,,,,,,,,,,,,,,,,,,,,,159516,,,,,recorded planning or training calls,original measured main experiment
stochastic_continuous_point_mass,SDTA-MDP,6,239.98393959994428,236.51997569995,3.4639632999897003,3,9.880976209286427,1.0,0.05,135,135,0,3993,32,ok,65740,23.508094700053334,212.92809329996817,0.03079520002938807,sampled,sampled-forced,False,False,,,,,continuous-action,adaptive-candidates,cpu,,,,,stochastic,0.05,gaussian-action-noise,320,318,0.99375,0.2319659186176172,0.7568169474666994,0.7617240828555725,1.5659229348611516,Monte Carlo absorption estimates,32,isolated execution environment with common per-seed disturbance stream,bounded-ksigma-representative,0.9544997361036417,3,True,,,,,,,,,,,,,,,,,,,,,,,,,38566,38566,27174,38566,0,complete leaf-dynamics replay,original measured main experiment
stochastic_continuous_point_mass,FineGridVI,6,0.3041250999085605,0.2681995998136699,0.03592439997009933,21,20.104914163419235,1.0,0.35,,,,,,ok,2688,0.0,,,,,,False,,,,,continuous-action,baseline,cpu,,,,,stochastic,0.05,gaussian-action-noise,394,393,0.9974619289340102,0.23832643419326754,0.7853981633974778,0.7771091895801199,,discounted 7-point Gauss-Hermite expectation,0,isolated execution environment,,,,,0,,,,,,,,,,,,,,,,,,,,,,,,2688,,,,,recorded planning or training calls,original measured main experiment
stochastic_continuous_point_mass,TileQ,6,1.8253466000314802,1.758465699851513,0.06688010017387569,400,12.118690052738463,0.85,0.0,,,,,,ok,14886,0.0,,,,,,False,,,,,continuous-action,baseline,cpu,,,,,stochastic,0.05,gaussian-action-noise,644,644,1.0,0.2464832804721875,0.7719829773764089,0.7708611842182588,,sampled Q-learning transitions,0,isolated execution environment,,,,,0,,,,,,,,,,,,,,,,,,,,,,,,14886,,,,,recorded planning or training calls,original measured main experiment
stochastic_continuous_point_mass,MPC,6,12.220827900106087,0.0,12.220803499920294,0,11.489350141278482,1.0,0.05,,,,,,ok,155604,0.0,,,,,,False,,,,,continuous-action,baseline,cpu,,,,,stochastic,0.05,gaussian-action-noise,304,304,1.0,0.2363537733543268,0.7781886600296876,0.7877799288344969,,scenario mean,8,isolated execution environment,,,,,6,,,,,,,,,,,,,,,,,,,,,,,,155604,,,,,recorded planning or training calls,original measured main experiment
stochastic_continuous_point_mass,SDTA-MDP,7,253.8507787999697,250.19431769987568,3.656460399972275,3,9.540561985351353,1.0,0.0,135,135,0,3962,32,ok,67446,23.946649699937552,226.16389090009034,0.030981600051745772,sampled,sampled-forced,False,False,,,,,continuous-action,adaptive-candidates,cpu,,,,,stochastic,0.05,gaussian-action-noise,335,333,0.9940298507462687,0.2407351554219714,0.7340531769567757,0.7200034974494389,1.5564878898239827,Monte Carlo absorption estimates,32,isolated execution environment with common per-seed disturbance stream,bounded-ksigma-representative,0.9544997361036417,3,True,,,,,,,,,,,,,,,,,,,,,,,,,39110,39110,28336,39110,0,complete leaf-dynamics replay,original measured main experiment
stochastic_continuous_point_mass,FineGridVI,7,0.3642922998405993,0.3214294998906553,0.04286159994080663,21,18.859150703654443,1.0,0.25,,,,,,ok,2688,0.0,,,,,,False,,,,,continuous-action,baseline,cpu,,,,,stochastic,0.05,gaussian-action-noise,404,404,1.0,0.24459793247444434,0.7659576147985365,0.7546531990843995,,discounted 7-point Gauss-Hermite expectation,0,isolated execution environment,,,,,0,,,,,,,,,,,,,,,,,,,,,,,,2688,,,,,recorded planning or training calls,original measured main experiment
stochastic_continuous_point_mass,TileQ,7,2.0848195001017302,1.821988900192082,0.2628299000207335,400,42.295393363288134,0.0,0.0,,,,,,ok,14404,0.0,,,,,,False,,,,,continuous-action,baseline,cpu,,,,,stochastic,0.05,gaussian-action-noise,2400,2348,0.9783333333333334,0.24835356731216,1.2065679285194155,1.2058371916880952,,sampled Q-learning transitions,0,isolated execution environment,,,,,0,,,,,,,,,,,,,,,,,,,,,,,,14404,,,,,recorded planning or training calls,original measured main experiment
stochastic_continuous_point_mass,MPC,7,12.965174000011757,0.0,12.965153299970552,0,8.983099687361142,1.0,0.0,,,,,,ok,160427,0.0,,,,,,False,,,,,continuous-action,baseline,cpu,,,,,stochastic,0.05,gaussian-action-noise,313,313,1.0,0.24124380885882402,0.7752915732498211,0.7594013462573359,,scenario mean,8,isolated execution environment,,,,,6,,,,,,,,,,,,,,,,,,,,,,,,160427,,,,,recorded planning or training calls,original measured main experiment
stochastic_continuous_point_mass,SDTA-MDP,8,240.32041539996862,236.67481900006533,3.6455959000159055,4,9.363909583132672,1.0,0.0,135,135,0,3982,32,ok,66185,25.07856469997205,211.51037689996883,0.036766699980944395,sampled,sampled-forced,False,False,,,,,continuous-action,adaptive-candidates,cpu,,,,,stochastic,0.05,gaussian-action-noise,332,331,0.9969879518072289,0.25498702972099235,0.7244491560204541,0.7352970490698176,1.5663548293700615,Monte Carlo absorption estimates,32,isolated execution environment with common per-seed disturbance stream,bounded-ksigma-representative,0.9544997361036417,3,True,,,,,,,,,,,,,,,,,,,,,,,,,37940,37940,28245,37940,0,complete leaf-dynamics replay,original measured main experiment
stochastic_continuous_point_mass,FineGridVI,8,0.3293763000983745,0.2875135000795126,0.0418616000097245,21,21.176518778468015,1.0,0.45,,,,,,ok,2688,0.0,,,,,,False,,,,,continuous-action,baseline,cpu,,,,,stochastic,0.05,gaussian-action-noise,384,384,1.0,0.2507504468818475,0.783352855680298,0.7925675767919006,,discounted 7-point Gauss-Hermite expectation,0,isolated execution environment,,,,,0,,,,,,,,,,,,,,,,,,,,,,,,2688,,,,,recorded planning or training calls,original measured main experiment
stochastic_continuous_point_mass,TileQ,8,2.0597733000759035,1.7947368000168353,0.2650357000529766,400,25.622357660973478,0.05,0.0,,,,,,ok,15158,0.0,,,,,,False,,,,,continuous-action,baseline,cpu,,,,,stochastic,0.05,gaussian-action-noise,2298,2298,1.0,0.25350768539532925,1.4269091959027875,1.415633433730345,,sampled Q-learning transitions,0,isolated execution environment,,,,,0,,,,,,,,,,,,,,,,,,,,,,,,15158,,,,,recorded planning or training calls,original measured main experiment
stochastic_continuous_point_mass,MPC,8,12.007157400017604,0.0,12.007135400082916,0,8.857677971107876,1.0,0.0,,,,,,ok,160880,0.0,,,,,,False,,,,,continuous-action,baseline,cpu,,,,,stochastic,0.05,gaussian-action-noise,315,315,1.0,0.2554350406396756,0.7719470110785339,0.7768610147797078,,scenario mean,8,isolated execution environment,,,,,6,,,,,,,,,,,,,,,,,,,,,,,,160880,,,,,recorded planning or training calls,original measured main experiment
stochastic_continuous_point_mass,SDTA-MDP,9,225.33165409998037,221.89063729997724,3.4410159999970347,3,9.788592523643553,1.0,0.05,135,135,0,3922,32,ok,64778,23.26110540004447,198.54436579998583,0.028847199864685535,sampled,sampled-forced,False,False,,,,,continuous-action,adaptive-candidates,cpu,,,,,stochastic,0.05,gaussian-action-noise,320,319,0.996875,0.24102047770212104,0.7450781614184581,0.7753829993655688,1.5577590479991494,Monte Carlo absorption estimates,32,isolated execution environment with common per-seed disturbance stream,bounded-ksigma-representative,0.9544997361036417,3,True,,,,,,,,,,,,,,,,,,,,,,,,,37737,37737,27041,37737,0,complete leaf-dynamics replay,original measured main experiment
stochastic_continuous_point_mass,FineGridVI,9,0.28995860018767416,0.25387050001882017,0.03608720004558563,21,21.06659687959916,1.0,0.5,,,,,,ok,2688,0.0,,,,,,False,,,,,continuous-action,baseline,cpu,,,,,stochastic,0.05,gaussian-action-noise,387,387,1.0,0.23878301088114004,0.7549563741185107,0.7848794366508419,,discounted 7-point Gauss-Hermite expectation,0,isolated execution environment,,,,,0,,,,,,,,,,,,,,,,,,,,,,,,2688,,,,,recorded planning or training calls,original measured main experiment
stochastic_continuous_point_mass,TileQ,9,1.8939733000006527,1.8598812997806817,0.0340911999810487,400,11.446570288412614,1.0,0.0,,,,,,ok,15310,0.0,,,,,,False,,,,,continuous-action,baseline,cpu,,,,,stochastic,0.05,gaussian-action-noise,378,377,0.9973544973544973,0.23597486942029208,0.7874759363165058,0.8063145266617403,,sampled Q-learning transitions,0,isolated execution environment,,,,,0,,,,,,,,,,,,,,,,,,,,,,,,15310,,,,,recorded planning or training calls,original measured main experiment
stochastic_continuous_point_mass,MPC,9,11.63420549989678,0.0,11.634185099974275,0,9.894313062231998,1.0,0.05,,,,,,ok,160826,0.0,,,,,,False,,,,,continuous-action,baseline,cpu,,,,,stochastic,0.05,gaussian-action-noise,314,314,1.0,0.23987586017422238,0.747907181185389,0.7789847895476246,,scenario mean,8,isolated execution environment,,,,,6,,,,,,,,,,,,,,,,,,,,,,,,160826,,,,,recorded planning or training calls,original measured main experiment
stochastic_continuous_double_integrator_parking,SDTA-MDP,0,35.30256250011735,5.9516735000070184,29.35088869999163,3,3.767080301496145,1.0,0.0,6,6,0,42,32,ok,496581,0.13641409995034337,5.813780900090933,0.0007810001261532307,sampled,sampled-forced,False,False,,,,,continuous-action,adaptive-candidates,cpu,,,,,stochastic,0.05,gaussian-action-noise,209,145,0.69377990430622,0.05123974590547369,-0.02033492822966507,-0.020989918921344174,0.46031042932076544,Monte Carlo absorption estimates,32,isolated execution environment with common per-seed disturbance stream,bounded-ksigma-representative,0.9544997361036417,3,True,,,,,,,,,,,,,,,,,,,,,,,,,18346,18346,478235,18346,0,complete leaf-dynamics replay,original measured main experiment
stochastic_continuous_double_integrator_parking,FineGridVI,0,0.24190120003186166,0.1950876999180764,0.046812300104647875,762,6.844517196155732,1.0,0.0,,,,,,ok,2240,0.0,,,,,,False,,,,,continuous-action,baseline,cpu,,,,,stochastic,0.05,gaussian-action-noise,653,653,1.0,0.07720456958792384,-0.006125574272588055,-0.006816842290743666,,discounted 7-point Gauss-Hermite expectation,0,isolated execution environment,,,,,0,,,,,,,,,,,,,,,,,,,,,,,,2240,,,,,recorded planning or training calls,original measured main experiment
stochastic_continuous_double_integrator_parking,TileQ,0,2.3373355998191983,2.2087592999450862,0.12857549986802042,400,18.51590141742342,0.5,0.0,,,,,,ok,23177,0.0,,,,,,False,,,,,continuous-action,baseline,cpu,,,,,stochastic,0.05,gaussian-action-noise,1582,1524,0.9633375474083439,0.07306918249314501,0.0028445006321112516,-0.0013965295323293428,,sampled Q-learning transitions,0,isolated execution environment,,,,,0,,,,,,,,,,,,,,,,,,,,,,,,23177,,,,,recorded planning or training calls,original measured main experiment
stochastic_continuous_double_integrator_parking,MPC,0,3.5078112001065165,0.0,3.507790100062266,0,4.213483966843297,1.0,0.0,,,,,,ok,61669,0.0,,,,,,False,,,,,continuous-action,baseline,cpu,,,,,stochastic,0.05,gaussian-action-noise,267,261,0.9775280898876404,0.07257037297845653,-0.0056179775280898875,-0.01201681173060107,,scenario mean,8,isolated execution environment,,,,,6,,,,,,,,,,,,,,,,,,,,,,,,61669,,,,,recorded planning or training calls,original measured main experiment
stochastic_continuous_double_integrator_parking,SDTA-MDP,1,32.558768700109795,6.484285800019279,26.074482399970293,3,3.1820973092889955,1.0,0.0,6,6,0,39,32,ok,407338,0.21505249990150332,6.26783060003072,0.0007533000316470861,sampled,sampled-forced,False,False,,,,,continuous-action,adaptive-candidates,cpu,,,,,stochastic,0.05,gaussian-action-noise,178,119,0.6685393258426966,0.054995944703328935,0.007022471910112359,0.008653054236406655,0.4309706063856288,Monte Carlo absorption estimates,32,isolated execution environment with common per-seed disturbance stream,bounded-ksigma-representative,0.9544997361036417,3,True,,,,,,,,,,,,,,,,,,,,,,,,,18486,18486,388852,18486,0,complete leaf-dynamics replay,original measured main experiment
stochastic_continuous_double_integrator_parking,FineGridVI,1,0.25358389993198216,0.19741689995862544,0.05616599996574223,762,28.898243107774686,0.95,0.0,,,,,,ok,2240,0.0,,,,,,False,,,,,continuous-action,baseline,cpu,,,,,stochastic,0.05,gaussian-action-noise,720,720,1.0,0.08023985487288078,0.001388888888888889,0.0008056202647243615,,discounted 7-point Gauss-Hermite expectation,0,isolated execution environment,,,,,0,,,,,,,,,,,,,,,,,,,,,,,,2240,,,,,recorded planning or training calls,original measured main experiment
stochastic_continuous_double_integrator_parking,TileQ,1,2.0003607999533415,1.9509372001048177,0.049422800075262785,400,7.3795400744312785,1.0,0.0,,,,,,ok,21011,0.0,,,,,,False,,,,,continuous-action,baseline,cpu,,,,,stochastic,0.05,gaussian-action-noise,681,586,0.8604992657856094,0.07030328229237223,0.012481644640234948,0.0023671509403652394,,sampled Q-learning transitions,0,isolated execution environment,,,,,0,,,,,,,,,,,,,,,,,,,,,,,,21011,,,,,recorded planning or training calls,original measured main experiment
stochastic_continuous_double_integrator_parking,MPC,1,3.9192216999363154,0.0,3.919200500007719,0,3.69639307235529,1.0,0.0,,,,,,ok,70700,0.0,,,,,,False,,,,,continuous-action,baseline,cpu,,,,,stochastic,0.05,gaussian-action-noise,304,289,0.9506578947368421,0.0754001377805239,-0.003289473684210526,0.0003207278582003677,,scenario mean,8,isolated execution environment,,,,,6,,,,,,,,,,,,,,,,,,,,,,,,70700,,,,,recorded planning or training calls,original measured main experiment
stochastic_continuous_double_integrator_parking,SDTA-MDP,2,38.22077060001902,6.658798000076786,31.561972100054845,2,3.861079218506705,1.0,0.0,6,6,0,44,32,ok,455265,0.13730850000865757,6.520161199849099,0.0006679000798612833,sampled,sampled-forced,False,False,,,,,continuous-action,adaptive-candidates,cpu,,,,,stochastic,0.05,gaussian-action-noise,195,134,0.6871794871794872,0.05461337553072179,0.03333333333333333,0.027862240739414526,0.4542590357294804,Monte Carlo absorption estimates,32,isolated execution environment with common per-seed disturbance stream,bounded-ksigma-representative,0.9544997361036417,3,True,,,,,,,,,,,,,,,,,,,,,,,,,18517,18517,436748,18517,0,complete leaf-dynamics replay,original measured main experiment
stochastic_continuous_double_integrator_parking,FineGridVI,2,0.25197599991224706,0.19614099990576506,0.055833900114521384,762,9.725021201238803,1.0,0.0,,,,,,ok,2240,0.0,,,,,,False,,,,,continuous-action,baseline,cpu,,,,,stochastic,0.05,gaussian-action-noise,671,671,1.0,0.08025039494605184,0.005961251862891207,0.005730599817520047,,discounted 7-point Gauss-Hermite expectation,0,isolated execution environment,,,,,0,,,,,,,,,,,,,,,,,,,,,,,,2240,,,,,recorded planning or training calls,original measured main experiment
stochastic_continuous_double_integrator_parking,TileQ,2,2.313829699996859,2.253794699907303,0.06003410019911826,400,9.314535305105395,1.0,0.0,,,,,,ok,22747,0.0,,,,,,False,,,,,continuous-action,baseline,cpu,,,,,stochastic,0.05,gaussian-action-noise,767,660,0.8604954367666232,0.06897165966817598,0.013689700130378096,0.0073548036590308724,,sampled Q-learning transitions,0,isolated execution environment,,,,,0,,,,,,,,,,,,,,,,,,,,,,,,22747,,,,,recorded planning or training calls,original measured main experiment
stochastic_continuous_double_integrator_parking,MPC,2,3.7205634999554604,0.0,3.720542300026864,0,4.298334574830399,1.0,0.0,,,,,,ok,62211,0.0,,,,,,False,,,,,continuous-action,baseline,cpu,,,,,stochastic,0.05,gaussian-action-noise,270,260,0.9629629629629629,0.0739436289107784,0.022222222222222223,0.02100907185173851,,scenario mean,8,isolated execution environment,,,,,6,,,,,,,,,,,,,,,,,,,,,,,,62211,,,,,recorded planning or training calls,original measured main experiment
stochastic_continuous_double_integrator_parking,SDTA-MDP,3,37.59906209982,5.593814599793404,32.00524710002355,1,3.3436426997416904,1.0,0.0,6,6,0,40,32,ok,493760,0.12684300006367266,5.4658475001342595,0.0005415000487118959,sampled,sampled-forced,False,False,,,,,continuous-action,adaptive-candidates,cpu,,,,,stochastic,0.05,gaussian-action-noise,198,132,0.6666666666666666,0.05696368693568466,0.03156565656565657,0.030449560401826486,0.42784115483801816,Monte Carlo absorption estimates,32,isolated execution environment with common per-seed disturbance stream,bounded-ksigma-representative,0.9544997361036417,3,True,,,,,,,,,,,,,,,,,,,,,,,,,18572,18572,475188,18572,0,complete leaf-dynamics replay,original measured main experiment
stochastic_continuous_double_integrator_parking,FineGridVI,3,0.2585859999526292,0.21178700006566942,0.04679800011217594,762,7.210278643458297,1.0,0.0,,,,,,ok,2240,0.0,,,,,,False,,,,,continuous-action,baseline,cpu,,,,,stochastic,0.05,gaussian-action-noise,654,653,0.9984709480122325,0.07992356545242887,0.00764525993883792,0.009169773390567968,,discounted 7-point Gauss-Hermite expectation,0,isolated execution environment,,,,,0,,,,,,,,,,,,,,,,,,,,,,,,2240,,,,,recorded planning or training calls,original measured main experiment
stochastic_continuous_double_integrator_parking,TileQ,3,2.2441195999272168,2.2062919000163674,0.03782660001888871,400,5.52273098772889,1.0,0.0,,,,,,ok,24330,0.0,,,,,,False,,,,,continuous-action,baseline,cpu,,,,,stochastic,0.05,gaussian-action-noise,525,450,0.8571428571428571,0.06786091262743706,0.01619047619047619,0.011933238077081371,,sampled Q-learning transitions,0,isolated execution environment,,,,,0,,,,,,,,,,,,,,,,,,,,,,,,24330,,,,,recorded planning or training calls,original measured main experiment
stochastic_continuous_double_integrator_parking,MPC,3,4.914301000069827,0.0,4.9142797000240535,0,4.001235052089099,1.0,0.0,,,,,,ok,89746,0.0,,,,,,False,,,,,continuous-action,baseline,cpu,,,,,stochastic,0.05,gaussian-action-noise,384,374,0.9739583333333334,0.07908643659527095,0.01171875,0.012451637547167348,,scenario mean,8,isolated execution environment,,,,,6,,,,,,,,,,,,,,,,,,,,,,,,89746,,,,,recorded planning or training calls,original measured main experiment
stochastic_continuous_double_integrator_parking,SDTA-MDP,4,33.08001019991934,5.648374099982902,27.431635699933395,3,3.822121232903023,1.0,0.0,6,6,0,38,32,ok,462361,0.12108900002203882,5.525901699904352,0.0007476999890059233,sampled,sampled-forced,False,False,,,,,continuous-action,adaptive-candidates,cpu,,,,,stochastic,0.05,gaussian-action-noise,203,142,0.6995073891625616,0.05822043575358041,-0.0332512315270936,-0.032902470453902335,0.4151873638292971,Monte Carlo absorption estimates,32,isolated execution environment with common per-seed disturbance stream,bounded-ksigma-representative,0.9544997361036417,3,True,,,,,,,,,,,,,,,,,,,,,,,,,18420,18420,443941,18420,0,complete leaf-dynamics replay,original measured main experiment
stochastic_continuous_double_integrator_parking,FineGridVI,4,0.2533168001100421,0.19667740003205836,0.056638400070369244,762,12.431798593208494,1.0,0.0,,,,,,ok,2240,0.0,,,,,,False,,,,,continuous-action,baseline,cpu,,,,,stochastic,0.05,gaussian-action-noise,737,737,1.0,0.0818312163685826,-0.009497964721845319,-0.00748807489543372,,discounted 7-point Gauss-Hermite expectation,0,isolated execution environment,,,,,0,,,,,,,,,,,,,,,,,,,,,,,,2240,,,,,recorded planning or training calls,original measured main experiment
stochastic_continuous_double_integrator_parking,TileQ,4,2.507276500109583,2.4224604999180883,0.08481510006822646,400,19.336582067263453,0.9,0.0,,,,,,ok,24765,0.0,,,,,,False,,,,,continuous-action,baseline,cpu,,,,,stochastic,0.05,gaussian-action-noise,1015,920,0.9064039408866995,0.07107203657701454,-0.01083743842364532,-0.005557710208036614,,sampled Q-learning transitions,0,isolated execution environment,,,,,0,,,,,,,,,,,,,,,,,,,,,,,,24765,,,,,recorded planning or training calls,original measured main experiment
stochastic_continuous_double_integrator_parking,MPC,4,3.8151338999159634,0.0,3.8151028000283986,0,4.2945316862492025,1.0,0.0,,,,,,ok,67996,0.0,,,,,,False,,,,,continuous-action,baseline,cpu,,,,,stochastic,0.05,gaussian-action-noise,293,281,0.9590443686006825,0.08002690362755265,-0.02218430034129693,-0.02311546054330138,,scenario mean,8,isolated execution environment,,,,,6,,,,,,,,,,,,,,,,,,,,,,,,67996,,,,,recorded planning or training calls,original measured main experiment
stochastic_continuous_double_integrator_parking,SDTA-MDP,5,33.10172399994917,6.247259299969301,26.854464299976826,2,3.4328337618589395,1.0,0.0,6,6,0,43,32,ok,423576,0.1291236998513341,6.116767599945888,0.0006540000904351473,sampled,sampled-forced,False,False,,,,,continuous-action,adaptive-candidates,cpu,,,,,stochastic,0.05,gaussian-action-noise,185,123,0.6648648648648648,0.05332296003295774,0.016216216216216217,0.011313219291031558,0.48610870053202077,Monte Carlo absorption estimates,32,isolated execution environment with common per-seed disturbance stream,bounded-ksigma-representative,0.9544997361036417,3,True,,,,,,,,,,,,,,,,,,,,,,,,,18412,18412,405164,18412,0,complete leaf-dynamics replay,original measured main experiment
stochastic_continuous_double_integrator_parking,FineGridVI,5,0.2617512000724673,0.21262880018912256,0.04912119987420738,762,6.961677665291634,1.0,0.0,,,,,,ok,2240,0.0,,,,,,False,,,,,continuous-action,baseline,cpu,,,,,stochastic,0.05,gaussian-action-noise,586,586,1.0,0.07910698597264303,-0.004266211604095563,-0.001220169083743233,,discounted 7-point Gauss-Hermite expectation,0,isolated execution environment,,,,,0,,,,,,,,,,,,,,,,,,,,,,,,2240,,,,,recorded planning or training calls,original measured main experiment
stochastic_continuous_double_integrator_parking,TileQ,5,2.1721954999957234,2.1282816999591887,0.0439130999147892,400,6.703362005920769,1.0,0.0,,,,,,ok,23503,0.0,,,,,,False,,,,,continuous-action,baseline,cpu,,,,,stochastic,0.05,gaussian-action-noise,613,593,0.967373572593801,0.07660055764000387,-0.0065252854812398045,0.0010929270473734169,,sampled Q-learning transitions,0,isolated execution environment,,,,,0,,,,,,,,,,,,,,,,,,,,,,,,23503,,,,,recorded planning or training calls,original measured main experiment
stochastic_continuous_double_integrator_parking,MPC,5,3.54866910004057,0.0,3.5486478998791426,0,3.853796535196623,1.0,0.0,,,,,,ok,63348,0.0,,,,,,False,,,,,continuous-action,baseline,cpu,,,,,stochastic,0.05,gaussian-action-noise,275,265,0.9636363636363636,0.07486871869125983,0.0036363636363636364,0.004989607724231641,,scenario mean,8,isolated execution environment,,,,,6,,,,,,,,,,,,,,,,,,,,,,,,63348,,,,,recorded planning or training calls,original measured main experiment
stochastic_continuous_double_integrator_parking,SDTA-MDP,6,33.196291900007054,5.634749200195074,27.56154239992611,3,3.411806955737896,1.0,0.0,6,6,0,38,32,ok,467390,0.12373970006592572,5.509475899860263,0.000892900163307786,sampled,sampled-forced,False,False,,,,,continuous-action,adaptive-candidates,cpu,,,,,stochastic,0.05,gaussian-action-noise,193,135,0.6994818652849741,0.05349869453976036,-0.0012953367875647669,0.002954095856705802,0.43134749809489564,Monte Carlo absorption estimates,32,isolated execution environment with common per-seed disturbance stream,bounded-ksigma-representative,0.9544997361036417,3,True,,,,,,,,,,,,,,,,,,,,,,,,,19005,19005,448385,19005,0,complete leaf-dynamics replay,original measured main experiment
stochastic_continuous_double_integrator_parking,FineGridVI,6,0.24829769995994866,0.202753399964422,0.04554309998638928,762,8.307247509096488,1.0,0.0,,,,,,ok,2240,0.0,,,,,,False,,,,,continuous-action,baseline,cpu,,,,,stochastic,0.05,gaussian-action-noise,627,627,1.0,0.07779717653055987,0.0007974481658692185,0.0003733094890350458,,discounted 7-point Gauss-Hermite expectation,0,isolated execution environment,,,,,0,,,,,,,,,,,,,,,,,,,,,,,,2240,,,,,recorded planning or training calls,original measured main experiment
stochastic_continuous_double_integrator_parking,TileQ,6,2.396605799905956,2.2644809000194073,0.13212429988197982,400,36.657387524185495,0.3,0.0,,,,,,ok,24765,0.0,,,,,,False,,,,,continuous-action,baseline,cpu,,,,,stochastic,0.05,gaussian-action-noise,1894,1858,0.9809926082365364,0.07839855742137405,-0.0013199577613516368,0.000673198104050975,,sampled Q-learning transitions,0,isolated execution environment,,,,,0,,,,,,,,,,,,,,,,,,,,,,,,24765,,,,,recorded planning or training calls,original measured main experiment
stochastic_continuous_double_integrator_parking,MPC,6,3.168556199874729,0.0,3.1685345000587404,0,3.800329507702822,1.0,0.0,,,,,,ok,53712,0.0,,,,,,False,,,,,continuous-action,baseline,cpu,,,,,stochastic,0.05,gaussian-action-noise,235,225,0.9574468085106383,0.07436325160182858,-0.014893617021276596,-0.00977760823867173,,scenario mean,8,isolated execution environment,,,,,6,,,,,,,,,,,,,,,,,,,,,,,,53712,,,,,recorded planning or training calls,original measured main experiment
stochastic_continuous_double_integrator_parking,SDTA-MDP,7,36.79790360014886,6.544959100196138,30.252943999832496,1,3.2124884968817904,1.0,0.0,6,6,0,39,32,ok,487066,0.21368620009161532,6.330153399845585,0.000524899922311306,sampled,sampled-forced,False,False,,,,,continuous-action,adaptive-candidates,cpu,,,,,stochastic,0.05,gaussian-action-noise,201,132,0.6567164179104478,0.05028208653073701,0.021144278606965175,0.017530257634121044,0.4191313531322074,Monte Carlo absorption estimates,32,isolated execution environment with common per-seed disturbance stream,bounded-ksigma-representative,0.9544997361036417,3,True,,,,,,,,,,,,,,,,,,,,,,,,,18590,18590,468476,18590,0,complete leaf-dynamics replay,original measured main experiment
stochastic_continuous_double_integrator_parking,FineGridVI,7,0.24658549996092916,0.19204610004089773,0.054538399912416935,762,10.46034036835695,1.0,0.0,,,,,,ok,2240,0.0,,,,,,False,,,,,continuous-action,baseline,cpu,,,,,stochastic,0.05,gaussian-action-noise,733,732,0.9986357435197817,0.07684716678095758,0.006139154160982265,0.004681540006543011,,discounted 7-point Gauss-Hermite expectation,0,isolated execution environment,,,,,0,,,,,,,,,,,,,,,,,,,,,,,,2240,,,,,recorded planning or training calls,original measured main experiment
stochastic_continuous_double_integrator_parking,TileQ,7,2.3633169000968337,2.3053349999245256,0.05798099981620908,400,11.117614831807549,0.95,0.0,,,,,,ok,22355,0.0,,,,,,False,,,,,continuous-action,baseline,cpu,,,,,stochastic,0.05,gaussian-action-noise,830,703,0.846987951807229,0.0662275901373333,-0.01144578313253012,0.00046571698952607,,sampled Q-learning transitions,0,isolated execution environment,,,,,0,,,,,,,,,,,,,,,,,,,,,,,,22355,,,,,recorded planning or training calls,original measured main experiment
stochastic_continuous_double_integrator_parking,MPC,7,4.745765700004995,0.0,4.745735700009391,0,3.7371859506491973,1.0,0.0,,,,,,ok,85500,0.0,,,,,,False,,,,,continuous-action,baseline,cpu,,,,,stochastic,0.05,gaussian-action-noise,368,354,0.9619565217391305,0.07254213680399216,0.01358695652173913,0.009808214500257236,,scenario mean,8,isolated execution environment,,,,,6,,,,,,,,,,,,,,,,,,,,,,,,85500,,,,,recorded planning or training calls,original measured main experiment
stochastic_continuous_double_integrator_parking,SDTA-MDP,8,34.3157663999591,5.4762869998812675,28.83947900007479,2,3.2916249182735116,1.0,0.0,6,6,0,42,32,ok,474499,0.12284319987520576,5.352190900128335,0.0006466999184340239,sampled,sampled-forced,False,False,,,,,continuous-action,adaptive-candidates,cpu,,,,,stochastic,0.05,gaussian-action-noise,200,130,0.65,0.050764168179949075,0.04,0.04309116633325428,0.434554065312331,Monte Carlo absorption estimates,32,isolated execution environment with common per-seed disturbance stream,bounded-ksigma-representative,0.9544997361036417,3,True,,,,,,,,,,,,,,,,,,,,,,,,,18534,18534,455965,18534,0,complete leaf-dynamics replay,original measured main experiment
stochastic_continuous_double_integrator_parking,FineGridVI,8,0.30848459992557764,0.21978310006670654,0.08869999996386468,762,9.673450363090133,1.0,0.0,,,,,,ok,2240,0.0,,,,,,False,,,,,continuous-action,baseline,cpu,,,,,stochastic,0.05,gaussian-action-noise,752,751,0.9986702127659575,0.08192293980833124,0.01795212765957447,0.012082851633548185,,discounted 7-point Gauss-Hermite expectation,0,isolated execution environment,,,,,0,,,,,,,,,,,,,,,,,,,,,,,,2240,,,,,recorded planning or training calls,original measured main experiment
stochastic_continuous_double_integrator_parking,TileQ,8,2.351590400096029,2.275223399978131,0.07636609999462962,400,11.78141236291039,1.0,0.0,,,,,,ok,22138,0.0,,,,,,False,,,,,continuous-action,baseline,cpu,,,,,stochastic,0.05,gaussian-action-noise,851,787,0.9247943595769683,0.0757626947651975,0.005287896592244419,0.007743928993320552,,sampled Q-learning transitions,0,isolated execution environment,,,,,0,,,,,,,,,,,,,,,,,,,,,,,,22138,,,,,recorded planning or training calls,original measured main experiment
stochastic_continuous_double_integrator_parking,MPC,8,4.918410399928689,0.0,4.9183889999985695,0,3.9263276077792426,1.0,0.0,,,,,,ok,79302,0.0,,,,,,False,,,,,continuous-action,baseline,cpu,,,,,stochastic,0.05,gaussian-action-noise,340,329,0.9676470588235294,0.07748401041611601,0.020588235294117647,0.024801962657254678,,scenario mean,8,isolated execution environment,,,,,6,,,,,,,,,,,,,,,,,,,,,,,,79302,,,,,recorded planning or training calls,original measured main experiment
stochastic_continuous_double_integrator_parking,SDTA-MDP,9,42.563467799918726,6.064115799963474,36.49935150006786,500,5.816033839610324,1.0,0.0,6,6,0,40,32,ok,599098,0.12485550018027425,5.874604200012982,0.06401839992031455,sampled,sampled-forced,False,False,,,,,continuous-action,adaptive-candidates,cpu,,,,,stochastic,0.05,gaussian-action-noise,244,163,0.6680327868852459,0.05214454351040903,-0.02459016393442623,-0.014176745348510208,0.4210278480273698,Monte Carlo absorption estimates,32,isolated execution environment with common per-seed disturbance stream,bounded-ksigma-representative,0.9544997361036417,3,True,,,,,,,,,,,,,,,,,,,,,,,,,18331,18331,580767,18331,0,complete leaf-dynamics replay,original measured main experiment
stochastic_continuous_double_integrator_parking,FineGridVI,9,0.27957489993423223,0.22394820000045002,0.055625699926167727,762,11.293800175765062,1.0,0.0,,,,,,ok,2240,0.0,,,,,,False,,,,,continuous-action,baseline,cpu,,,,,stochastic,0.05,gaussian-action-noise,702,702,1.0,0.07438424948661443,-0.004985754985754986,-0.0030621823239853577,,discounted 7-point Gauss-Hermite expectation,0,isolated execution environment,,,,,0,,,,,,,,,,,,,,,,,,,,,,,,2240,,,,,recorded planning or training calls,original measured main experiment
stochastic_continuous_double_integrator_parking,TileQ,9,2.1425439999438822,2.0453733999747783,0.09716979996301234,400,19.19758526818937,1.0,0.0,,,,,,ok,22332,0.0,,,,,,False,,,,,continuous-action,baseline,cpu,,,,,stochastic,0.05,gaussian-action-noise,1325,1100,0.8301886792452831,0.061909225164729874,-0.015849056603773583,-0.0039744104953599235,,sampled Q-learning transitions,0,isolated execution environment,,,,,0,,,,,,,,,,,,,,,,,,,,,,,,22332,,,,,recorded planning or training calls,original measured main experiment
stochastic_continuous_double_integrator_parking,MPC,9,4.82272500009276,0.0,4.822703900048509,0,6.492700253340551,1.0,0.0,,,,,,ok,87183,0.0,,,,,,False,,,,,continuous-action,baseline,cpu,,,,,stochastic,0.05,gaussian-action-noise,374,357,0.9545454545454546,0.07339782825012181,-0.020053475935828877,-0.01019772234290857,,scenario mean,8,isolated execution environment,,,,,6,,,,,,,,,,,,,,,,,,,,,,,,87183,,,,,recorded planning or training calls,original measured main experiment
stochastic_braking_car,SymPar-Q-Upstream,0,3.4605719999326228,3.43154569998475,0.029026299947872758,20000,21.375,0.85,0.15,16,,,,,ok,19167,2.62553309998475,,,,,,,,,,,,,,,,,,stochastic,0.1,random-action-slip,20,4,0.2,1.4745000000000001,-7.65,-6.6255,,,,,,,,,,0.8060126,12.797603599959984,20000,20,0.1,1.0,1.0,0.99,1e-05,matched-cost,1000.0,10.0,control-refined,mixed-witness,19167,20,14,2,0 1,zenodo.14620119,SDTA supplied white-box partition + diagnostic control refinement,official Randomized2 stochastic training; Python unified stochastic-protocol evaluation,Python unified stochastic protocol,19187,,,,,recorded training calls; evaluation transitions excluded,original measured main experiment
stochastic_braking_car,SymPar-Q-Upstream,1,2.955612299928427,2.9305615999847503,0.02505069994367659,20000,13.75,0.95,0.05,16,,,,,ok,19513,2.62553309998475,,,,,,,,,,,,,,,,,,stochastic,0.1,random-action-slip,20,0,0.0,0.0,-9.25,-9.25,,,,,,,,,,0.3050285,12.797603599959984,20000,20,0.1,1.0,1.0,0.99,1e-05,matched-cost,1000.0,10.0,control-refined,mixed-witness,19513,20,14,2,0 1,zenodo.14620119,SDTA supplied white-box partition + diagnostic control refinement,official Randomized2 stochastic training; Python unified stochastic-protocol evaluation,Python unified stochastic protocol,19533,,,,,recorded training calls; evaluation transitions excluded,original measured main experiment
stochastic_braking_car,SymPar-Q-Upstream,2,2.880646299981037,2.8557109999847503,0.02493529999628663,20000,15.625,0.9,0.1,16,,,,,ok,18933,2.62553309998475,,,,,,,,,,,,,,,,,,stochastic,0.1,random-action-slip,20,1,0.05,0.475,-6.625,-6.15,,,,,,,,,,0.2301779,12.797603599959984,20000,20,0.1,1.0,1.0,0.99,1e-05,matched-cost,1000.0,10.0,control-refined,mixed-witness,18933,20,14,2,0 1,zenodo.14620119,SDTA supplied white-box partition + diagnostic control refinement,official Randomized2 stochastic training; Python unified stochastic-protocol evaluation,Python unified stochastic protocol,18953,,,,,recorded training calls; evaluation transitions excluded,original measured main experiment
stochastic_braking_car,SymPar-Q-Upstream,3,2.8354874998970745,2.80871329998475,0.026774199912324548,20000,21.75,0.85,0.15,16,,,,,ok,19731,2.62553309998475,,,,,,,,,,,,,,,,,,stochastic,0.1,random-action-slip,20,3,0.15,1.0725,-7.875,-6.8025,,,,,,,,,,0.1831802,12.797603599959984,20000,20,0.1,1.0,1.0,0.99,1e-05,matched-cost,1000.0,10.0,control-refined,mixed-witness,19731,20,14,2,0 1,zenodo.14620119,SDTA supplied white-box partition + diagnostic control refinement,official Randomized2 stochastic training; Python unified stochastic-protocol evaluation,Python unified stochastic protocol,19751,,,,,recorded training calls; evaluation transitions excluded,original measured main experiment
stochastic_braking_car,SymPar-Q-Upstream,4,2.916045800116828,2.88754569998475,0.028500100132077932,20000,25.875,0.8,0.2,16,,,,,ok,19421,2.62553309998475,,,,,,,,,,,,,,,,,,stochastic,0.1,random-action-slip,20,4,0.2,1.12445,-7.5,-6.875550000000001,,,,,,,,,,0.2620126,12.797603599959984,20000,20,0.1,1.0,1.0,0.99,1e-05,matched-cost,1000.0,10.0,control-refined,mixed-witness,19421,20,14,2,0 1,zenodo.14620119,SDTA supplied white-box partition + diagnostic control refinement,official Randomized2 stochastic training; Python unified stochastic-protocol evaluation,Python unified stochastic protocol,19441,,,,,recorded training calls; evaluation transitions excluded,original measured main experiment
stochastic_braking_car,SymPar-Q-Upstream,5,2.8609158999945166,2.8201244999847503,0.04079140000976622,20000,17.125,0.9,0.1,16,,,,,ok,19681,2.62553309998475,,,,,,,,,,,,,,,,,,stochastic,0.1,random-action-slip,20,1,0.05,0.375,-8.125,-7.75,,,,,,,,,,0.1945914,12.797603599959984,20000,20,0.1,1.0,1.0,0.99,1e-05,matched-cost,1000.0,10.0,control-refined,mixed-witness,19681,20,14,2,0 1,zenodo.14620119,SDTA supplied white-box partition + diagnostic control refinement,official Randomized2 stochastic training; Python unified stochastic-protocol evaluation,Python unified stochastic protocol,19701,,,,,recorded training calls; evaluation transitions excluded,original measured main experiment
stochastic_braking_car,SymPar-Q-Upstream,6,2.8358930001473546,2.81249529998475,0.02339770016260445,20000,17.65,0.9,0.1,16,,,,,ok,19251,2.62553309998475,,,,,,,,,,,,,,,,,,stochastic,0.1,random-action-slip,20,1,0.05,0.25,-7.9,-8.15,,,,,,,,,,0.1869622,12.797603599959984,20000,20,0.1,1.0,1.0,0.99,1e-05,matched-cost,1000.0,10.0,control-refined,mixed-witness,19251,20,14,2,0 1,zenodo.14620119,SDTA supplied white-box partition + diagnostic control refinement,official Randomized2 stochastic training; Python unified stochastic-protocol evaluation,Python unified stochastic protocol,19271,,,,,recorded training calls; evaluation transitions excluded,original measured main experiment
stochastic_braking_car,SymPar-Q-Upstream,7,2.834178799951288,2.81181589998475,0.022362899966537952,20000,26.03,0.8,0.2,16,,,,,ok,19395,2.62553309998475,,,,,,,,,,,,,,,,,,stochastic,0.1,random-action-slip,21,3,0.14285714285714285,0.9494761904761905,-7.642857142857143,-6.693380952380953,,,,,,,,,,0.1862828,12.797603599959984,20000,20,0.1,1.0,1.0,0.99,1e-05,matched-cost,1000.0,10.0,control-refined,mixed-witness,19395,21,14,2,0 1,zenodo.14620119,SDTA supplied white-box partition + diagnostic control refinement,official Randomized2 stochastic training; Python unified stochastic-protocol evaluation,Python unified stochastic protocol,19416,,,,,recorded training calls; evaluation transitions excluded,original measured main experiment
stochastic_braking_car,SymPar-Q-Upstream,8,2.906479600031653,2.87851049998475,0.027969100046902895,20000,20.125,0.85,0.15,16,,,,,ok,19255,2.62553309998475,,,,,,,,,,,,,,,,,,stochastic,0.1,random-action-slip,20,1,0.05,0.1,-6.25,-6.15,,,,,,,,,,0.2529774,12.797603599959984,20000,20,0.1,1.0,1.0,0.99,1e-05,matched-cost,1000.0,10.0,control-refined,mixed-witness,19255,20,14,2,0 1,zenodo.14620119,SDTA supplied white-box partition + diagnostic control refinement,official Randomized2 stochastic training; Python unified stochastic-protocol evaluation,Python unified stochastic protocol,19275,,,,,recorded training calls; evaluation transitions excluded,original measured main experiment
stochastic_braking_car,SymPar-Q-Upstream,9,2.8439184000944553,2.81857069998475,0.02534770010970533,20000,40.378,0.65,0.35,16,,,,,ok,19288,2.62553309998475,,,,,,,,,,,,,,,,,,stochastic,0.1,random-action-slip,21,6,0.2857142857142857,2.020952380952381,-8.476190476190476,-6.455238095238095,,,,,,,,,,0.1930376,12.797603599959984,20000,20,0.1,1.0,1.0,0.99,1e-05,matched-cost,1000.0,10.0,control-refined,mixed-witness,19288,21,14,2,0 1,zenodo.14620119,SDTA supplied white-box partition + diagnostic control refinement,official Randomized2 stochastic training; Python unified stochastic-protocol evaluation,Python unified stochastic protocol,19309,,,,,recorded training calls; evaluation transitions excluded,original measured main experiment
stochastic_point_mass,SymPar-Q-Upstream,0,13.874476400110913,13.266665100026918,0.6078113000839949,20000,15.401917351352111,1.0,0.0,20,,,,,ok,2071461,0.7984074000269175,,,,,,,,,,,,,,,,,,stochastic,0.1,random-action-slip,546,56,0.10256410256410256,0.17765567765567766,2.1758241758241756,2.1373626373626373,,,,,,,,,,12.4682577,119.10187950008549,20000,20,0.1,1.0,1.0,0.99,1e-05,matched-cost,1000.0,10.0,control-refined,mixed-witness,2071461,546,20,0,,zenodo.14620119,SDTA supplied white-box partition + diagnostic control refinement,official Randomized2 stochastic training; Python unified stochastic-protocol evaluation,Python unified stochastic protocol,2072007,,,,,recorded training calls; evaluation transitions excluded,original measured main experiment
stochastic_point_mass,SymPar-Q-Upstream,1,12.4960881999366,11.826732400026918,0.6693557999096811,20000,12.622249367657592,1.0,0.05,20,,,,,ok,2060164,0.7984074000269175,,,,,,,,,,,,,,,,,,stochastic,0.1,random-action-slip,399,29,0.07268170426065163,0.13032581453634084,1.9974937343358397,2.0526315789473686,,,,,,,,,,11.028325,119.10187950008549,20000,20,0.1,1.0,1.0,0.99,1e-05,matched-cost,1000.0,10.0,control-refined,mixed-witness,2060164,399,20,0,,zenodo.14620119,SDTA supplied white-box partition + diagnostic control refinement,official Randomized2 stochastic training; Python unified stochastic-protocol evaluation,Python unified stochastic protocol,2060563,,,,,recorded training calls; evaluation transitions excluded,original measured main experiment
stochastic_point_mass,SymPar-Q-Upstream,2,12.174544500091352,11.628654800026917,0.5458897000644356,20000,13.55978186560497,1.0,0.0,20,,,,,ok,2065296,0.7984074000269175,,,,,,,,,,,,,,,,,,stochastic,0.1,random-action-slip,417,33,0.07913669064748201,0.14148681055155876,1.9880095923261392,2.0191846522781773,,,,,,,,,,10.8302474,119.10187950008549,20000,20,0.1,1.0,1.0,0.99,1e-05,matched-cost,1000.0,10.0,control-refined,mixed-witness,2065296,417,20,0,,zenodo.14620119,SDTA supplied white-box partition + diagnostic control refinement,official Randomized2 stochastic training; Python unified stochastic-protocol evaluation,Python unified stochastic protocol,2065713,,,,,recorded training calls; evaluation transitions excluded,original measured main experiment
stochastic_point_mass,SymPar-Q-Upstream,3,13.013190799854156,12.148839100026917,0.8643516998272389,20000,16.30740149792355,1.0,0.1,20,,,,,ok,2079547,0.7984074000269175,,,,,,,,,,,,,,,,,,stochastic,0.1,random-action-slip,472,56,0.11864406779661017,0.2076271186440678,2.1165254237288136,2.044491525423729,,,,,,,,,,11.3504317,119.10187950008549,20000,20,0.1,1.0,1.0,0.99,1e-05,matched-cost,1000.0,10.0,control-refined,mixed-witness,2079547,472,20,0,,zenodo.14620119,SDTA supplied white-box partition + diagnostic control refinement,official Randomized2 stochastic training; Python unified stochastic-protocol evaluation,Python unified stochastic protocol,2080019,,,,,recorded training calls; evaluation transitions excluded,original measured main experiment
stochastic_point_mass,SymPar-Q-Upstream,4,17.89209990001249,12.447186800026918,5.44491309998557,20000,75.04237565992078,0.55,0.6,20,,,,,ok,2066685,0.7984074000269175,,,,,,,,,,,,,,,,,,stochastic,0.1,random-action-slip,1843,195,0.1058057514921324,0.25284861638632666,3.578404774823657,3.376559956592512,,,,,,,,,,11.6487794,119.10187950008549,20000,20,0.1,1.0,1.0,0.99,1e-05,matched-cost,1000.0,10.0,control-refined,mixed-witness,2066685,1843,20,0,,zenodo.14620119,SDTA supplied white-box partition + diagnostic control refinement,official Randomized2 stochastic training; Python unified stochastic-protocol evaluation,Python unified stochastic protocol,2068528,,,,,recorded training calls; evaluation transitions excluded,original measured main experiment
stochastic_point_mass,SymPar-Q-Upstream,5,12.277029399924809,11.588747800026917,0.6882815998978913,20000,13.300683279505307,1.0,0.0,20,,,,,ok,2064149,0.7984074000269175,,,,,,,,,,,,,,,,,,stochastic,0.1,random-action-slip,421,34,0.08076009501187649,0.14726840855106887,1.9786223277909738,1.98812351543943,,,,,,,,,,10.7903404,119.10187950008549,20000,20,0.1,1.0,1.0,0.99,1e-05,matched-cost,1000.0,10.0,control-refined,mixed-witness,2064149,421,20,0,,zenodo.14620119,SDTA supplied white-box partition + diagnostic control refinement,official Randomized2 stochastic training; Python unified stochastic-protocol evaluation,Python unified stochastic protocol,2064570,,,,,recorded training calls; evaluation transitions excluded,original measured main experiment
stochastic_point_mass,SymPar-Q-Upstream,6,11.794499100105545,10.662853500026918,1.1316456000786275,20000,14.112865309259266,1.0,0.0,20,,,,,ok,2061709,0.7984074000269175,,,,,,,,,,,,,,,,,,stochastic,0.1,random-action-slip,566,61,0.10777385159010601,0.1978798586572438,1.7667844522968197,1.802120141342756,,,,,,,,,,9.8644461,119.10187950008549,20000,20,0.1,1.0,1.0,0.99,1e-05,matched-cost,1000.0,10.0,control-refined,mixed-witness,2061709,566,20,0,,zenodo.14620119,SDTA supplied white-box partition + diagnostic control refinement,official Randomized2 stochastic training; Python unified stochastic-protocol evaluation,Python unified stochastic protocol,2062275,,,,,recorded training calls; evaluation transitions excluded,original measured main experiment
stochastic_point_mass,SymPar-Q-Upstream,7,13.03622109989047,12.068727400026917,0.967493699863553,20000,14.679627251768562,0.95,0.0,20,,,,,ok,2072918,0.7984074000269175,,,,,,,,,,,,,,,,,,stochastic,0.1,random-action-slip,549,66,0.12021857923497267,0.2185792349726776,2.167577413479053,2.1238615664845173,,,,,,,,,,11.27032,119.10187950008549,20000,20,0.1,1.0,1.0,0.99,1e-05,matched-cost,1000.0,10.0,control-refined,mixed-witness,2072918,549,20,0,,zenodo.14620119,SDTA supplied white-box partition + diagnostic control refinement,official Randomized2 stochastic training; Python unified stochastic-protocol evaluation,Python unified stochastic protocol,2073467,,,,,recorded training calls; evaluation transitions excluded,original measured main experiment
stochastic_point_mass,SymPar-Q-Upstream,8,12.984670099865923,12.000239800026918,0.9844302998390049,20000,14.051421530456295,1.0,0.0,20,,,,,ok,2061938,0.7984074000269175,,,,,,,,,,,,,,,,,,stochastic,0.1,random-action-slip,484,48,0.09917355371900827,0.16115702479338842,2.1404958677685952,2.115702479338843,,,,,,,,,,11.2018324,119.10187950008549,20000,20,0.1,1.0,1.0,0.99,1e-05,matched-cost,1000.0,10.0,control-refined,mixed-witness,2061938,484,20,0,,zenodo.14620119,SDTA supplied white-box partition + diagnostic control refinement,official Randomized2 stochastic training; Python unified stochastic-protocol evaluation,Python unified stochastic protocol,2062422,,,,,recorded training calls; evaluation transitions excluded,original measured main experiment
stochastic_point_mass,SymPar-Q-Upstream,9,16.289389700040775,11.265384700026917,5.024005000013858,20000,51.25914285602778,0.3,0.0,20,,,,,ok,2060276,0.7984074000269175,,,,,,,,,,,,,,,,,,stochastic,0.1,random-action-slip,2252,237,0.10523978685612789,0.1936056838365897,1.575044404973357,1.6682948490230907,,,,,,,,,,10.4669773,119.10187950008549,20000,20,0.1,1.0,1.0,0.99,1e-05,matched-cost,1000.0,10.0,control-refined,mixed-witness,2060276,2252,20,0,,zenodo.14620119,SDTA supplied white-box partition + diagnostic control refinement,official Randomized2 stochastic training; Python unified stochastic-protocol evaluation,Python unified stochastic protocol,2062528,,,,,recorded training calls; evaluation transitions excluded,original measured main experiment
stochastic_double_integrator_parking,SymPar-Q-Upstream,0,8.301461499608017,7.3047306998212695,0.9967307997867465,20000,11.997680168477508,0.7,0.0,14,,,,,ok,1685911,0.3746095998212695,,,,,,,,,,,,,,,,,,stochastic,0.1,random-action-slip,1139,127,0.11150131694468832,0.14574187884108866,-0.007901668129938543,-0.0026338893766461808,,,,,,,,,,6.9301211,68.06756630004384,20000,20,0.1,1.0,1.0,0.99,1e-05,matched-cost,1000.0,10.0,control-refined,mixed-witness,1685911,1139,10,4,0 1 2 3,zenodo.14620119,SDTA supplied white-box partition + diagnostic control refinement,official Randomized2 stochastic training; Python unified stochastic-protocol evaluation,Python unified stochastic protocol,1687050,,,,,recorded training calls; evaluation transitions excluded,original measured main experiment
stochastic_double_integrator_parking,SymPar-Q-Upstream,1,7.6728551998470005,6.755853899821269,0.9170013000257313,20000,19.721061189001944,0.7,0.0,14,,,,,ok,1669370,0.3746095998212695,,,,,,,,,,,,,,,,,,stochastic,0.1,random-action-slip,1132,112,0.0989399293286219,0.12367491166077739,-0.006183745583038869,-0.0008833922261484099,,,,,,,,,,6.3812443,68.06756630004384,20000,20,0.1,1.0,1.0,0.99,1e-05,matched-cost,1000.0,10.0,control-refined,mixed-witness,1669370,1132,10,4,0 1 2 3,zenodo.14620119,SDTA supplied white-box partition + diagnostic control refinement,official Randomized2 stochastic training; Python unified stochastic-protocol evaluation,Python unified stochastic protocol,1670502,,,,,recorded training calls; evaluation transitions excluded,original measured main experiment
stochastic_double_integrator_parking,SymPar-Q-Upstream,2,7.152657099780801,5.93271989982127,1.2199371999595314,20000,31.624687941738046,0.6,0.0,14,,,,,ok,1682081,0.3746095998212695,,,,,,,,,,,,,,,,,,stochastic,0.1,random-action-slip,1526,144,0.09436435124508519,0.11402359108781127,-0.015727391874180863,0.002621231979030144,,,,,,,,,,5.5581103,68.06756630004384,20000,20,0.1,1.0,1.0,0.99,1e-05,matched-cost,1000.0,10.0,control-refined,mixed-witness,1682081,1526,10,4,0 1 2 3,zenodo.14620119,SDTA supplied white-box partition + diagnostic control refinement,official Randomized2 stochastic training; Python unified stochastic-protocol evaluation,Python unified stochastic protocol,1683607,,,,,recorded training calls; evaluation transitions excluded,original measured main experiment
stochastic_double_integrator_parking,SymPar-Q-Upstream,3,7.149635099881929,5.54595479982127,1.6036803000606596,20000,156.3569069622865,0.05,0.0,14,,,,,ok,1680515,0.3746095998212695,,,,,,,,,,,,,,,,,,stochastic,0.1,random-action-slip,2346,243,0.10358056265984655,0.13640238704177324,-0.005115089514066497,-0.0017050298380221654,,,,,,,,,,5.1713452,68.06756630004384,20000,20,0.1,1.0,1.0,0.99,1e-05,matched-cost,1000.0,10.0,control-refined,mixed-witness,1680515,2346,10,4,0 1 2 3,zenodo.14620119,SDTA supplied white-box partition + diagnostic control refinement,official Randomized2 stochastic training; Python unified stochastic-protocol evaluation,Python unified stochastic protocol,1682861,,,,,recorded training calls; evaluation transitions excluded,original measured main experiment
stochastic_double_integrator_parking,SymPar-Q-Upstream,4,6.60692919975493,5.86624869982127,0.74068049993366,20000,102.76292019874764,0.8,0.0,14,,,,,ok,1675563,0.3746095998212695,,,,,,,,,,,,,,,,,,stochastic,0.1,random-action-slip,1091,122,0.11182401466544455,0.12923923006416133,-0.0036663611365719525,0.0009165902841429881,,,,,,,,,,5.4916391,68.06756630004384,20000,20,0.1,1.0,1.0,0.99,1e-05,matched-cost,1000.0,10.0,control-refined,mixed-witness,1675563,1091,10,4,0 1 2 3,zenodo.14620119,SDTA supplied white-box partition + diagnostic control refinement,official Randomized2 stochastic training; Python unified stochastic-protocol evaluation,Python unified stochastic protocol,1676654,,,,,recorded training calls; evaluation transitions excluded,original measured main experiment
stochastic_double_integrator_parking,SymPar-Q-Upstream,5,7.371213899720195,6.19271689982127,1.1784969998989254,20000,39.01950945834933,0.65,0.0,14,,,,,ok,1697140,0.3746095998212695,,,,,,,,,,,,,,,,,,stochastic,0.1,random-action-slip,1439,135,0.09381514940931203,0.12091730368311328,0.0,0.0,,,,,,,,,,5.8181073,68.06756630004384,20000,20,0.1,1.0,1.0,0.99,1e-05,matched-cost,1000.0,10.0,control-refined,mixed-witness,1697140,1439,10,4,0 1 2 3,zenodo.14620119,SDTA supplied white-box partition + diagnostic control refinement,official Randomized2 stochastic training; Python unified stochastic-protocol evaluation,Python unified stochastic protocol,1698579,,,,,recorded training calls; evaluation transitions excluded,original measured main experiment
stochastic_double_integrator_parking,SymPar-Q-Upstream,6,7.768272099772063,6.35322229982127,1.4150497999507934,20000,315.4238303729173,0.15,0.0,14,,,,,ok,1698979,0.3746095998212695,,,,,,,,,,,,,,,,,,stochastic,0.1,random-action-slip,2163,218,0.10078594544613963,0.13453536754507628,-0.5857605177993528,-0.4845122515025428,,,,,,,,,,5.9786127,68.06756630004384,20000,20,0.1,1.0,1.0,0.99,1e-05,matched-cost,1000.0,10.0,control-refined,mixed-witness,1698979,2163,10,4,0 1 2 3,zenodo.14620119,SDTA supplied white-box partition + diagnostic control refinement,official Randomized2 stochastic training; Python unified stochastic-protocol evaluation,Python unified stochastic protocol,1701142,,,,,recorded training calls; evaluation transitions excluded,original measured main experiment
stochastic_double_integrator_parking,SymPar-Q-Upstream,7,7.567688199848128,6.63270729982127,0.9349809000268579,20000,23.4598992706244,0.7,0.0,14,,,,,ok,1680481,0.3746095998212695,,,,,,,,,,,,,,,,,,stochastic,0.1,random-action-slip,1176,127,0.10799319727891156,0.13350340136054423,0.00935374149659864,0.003401360544217687,,,,,,,,,,6.2580977,68.06756630004384,20000,20,0.1,1.0,1.0,0.99,1e-05,matched-cost,1000.0,10.0,control-refined,mixed-witness,1680481,1176,10,4,0 1 2 3,zenodo.14620119,SDTA supplied white-box partition + diagnostic control refinement,official Randomized2 stochastic training; Python unified stochastic-protocol evaluation,Python unified stochastic protocol,1681657,,,,,recorded training calls; evaluation transitions excluded,original measured main experiment
stochastic_double_integrator_parking,SymPar-Q-Upstream,8,7.852385299881973,6.224181999821269,1.6282033000607044,20000,26.779445286789247,0.4,0.0,14,,,,,ok,1682901,0.3746095998212695,,,,,,,,,,,,,,,,,,stochastic,0.1,random-action-slip,1821,176,0.09665019220208676,0.12630422844590883,0.0027457440966501922,0.003844041735310269,,,,,,,,,,5.8495724,68.06756630004384,20000,20,0.1,1.0,1.0,0.99,1e-05,matched-cost,1000.0,10.0,control-refined,mixed-witness,1682901,1821,10,4,0 1 2 3,zenodo.14620119,SDTA supplied white-box partition + diagnostic control refinement,official Randomized2 stochastic training; Python unified stochastic-protocol evaluation,Python unified stochastic protocol,1684722,,,,,recorded training calls; evaluation transitions excluded,original measured main experiment
stochastic_double_integrator_parking,SymPar-Q-Upstream,9,7.318867599802995,5.60793249982127,1.7109350999817252,20000,191.40194888646835,0.0,0.0,14,,,,,ok,1684689,0.3746095998212695,,,,,,,,,,,,,,,,,,stochastic,0.1,random-action-slip,2400,253,0.10541666666666667,0.15541666666666668,0.0020833333333333333,-0.0008333333333333334,,,,,,,,,,5.2333229,68.06756630004384,20000,20,0.1,1.0,1.0,0.99,1e-05,matched-cost,1000.0,10.0,control-refined,mixed-witness,1684689,2400,10,4,0 1 2 3,zenodo.14620119,SDTA supplied white-box partition + diagnostic control refinement,official Randomized2 stochastic training; Python unified stochastic-protocol evaluation,Python unified stochastic protocol,1687089,,,,,recorded training calls; evaluation transitions excluded,original measured main experiment
